error,http_status,next_cursor_sha256,next_url_present,page_number,page_sha256,pit_date,provider,provider_reported_count,row_count,state
,200,0665454af212399555f1522cc45ff2c59f9dcf985a869465441ddb983d291771,True,1,4a75a20ced7c33b1dfda42cc016997be7c2d1c93a32102b25b1cf699b6b33fbb,2025-08-31,massive,1000,1000,active
,200,bb1aa20c7382c1619e9690940c57a547e664425afe6f79367a239231ede4a5aa,True,2,872a7703d43f7de50f12d06d3c1cff50abfde6404d39e6b25aeb7aee90b2ec41,2025-08-31,massive,1000,1000,active
,200,a4c8e8235fe439accd43c68a84f6b61f4c572f2bff85b8feffdc0317dee839d3,True,3,0645b6659a783480c5a1496df3fbf38223084bcc187a6c44d53212ef1a8b139e,2025-08-31,massive,1000,1000,active
,200,428669fb5696302c57b8bad154c38e3e75bf4111cfebe2d8e3ebd3e4c16f2617,True,4,2040f0042181de719e98c3be19e97944ec7a876ae4ee52e21228330f369c1753,2025-08-31,massive,1000,1000,active
,200,1451d210deb4a46f9de4e39564bd18647d8cb5487874a1000b3149181e668efa,True,5,3d6ffb6c8e58167d2eff28350ddb5544c84913a0aff7261094d9222549dfce37,2025-08-31,massive,1000,1000,active
,200,86bba3031a98950f70de26d62237718a036cc428c5c0dbe4c72f3913a7a53ca8,True,6,c809e175b301d67439192245f5213a4de83d13f44847904c41c1f2bcccd84811,2025-08-31,massive,1000,1000,active
,200,f458914b78613c03480c37ec707237126d265a4804f18de2298e2d4d9fa07758,True,7,d7b6b3d4fcc01b999bd7fdbc93dc29c4a3bbd0f7993fffd944f7d89394f87fd3,2025-08-31,massive,1000,1000,active
,200,bba449e101533e90b6c39065b8affd0ac3b412b229c656387793171a7fd52d96,True,8,1fa87b41c0803c2b2aa0c9c212c2e3879d484e80e51651d9bd4831aa63e4ef86,2025-08-31,massive,1000,1000,active
,200,00dfb669ffa68ba9e4a6ec736533e8e85f8422442ab983777e3c62ca31abe35d,True,9,ffdef2f90719f234c0cf4145d745bb6fb3d2f9c5332c3079b6e73473f79a8fa1,2025-08-31,massive,1000,1000,active
,200,86c5cfa78236c6c799ecd8266cedf1ebc8855f01c57d71d3bd92a79e86a975b7,True,10,16462dd230ddd7037aac4f368d65768f4af61480807c54d8d81da94e2b90cde4,2025-08-31,massive,1000,1000,active
,200,71a7fe2e5d54bee79aed224e531e6c117ce7d94c2b5dd458a0dbc94f68418b9c,True,11,50f85a6993521b9059500023ef0ecea5657e81a08e2453d5d292b73c412504ec,2025-08-31,massive,1000,1000,active
,200,,False,12,b9e8af15da2d5bbf72db00cdbe05f499a0b7d62e9487451b2eba25eff3b686a8,2025-08-31,massive,689,689,active
,200,62553843ecf9813d1bdd5081dda5e1f2b2f18009f3c9c37c538a65ac22fc389a,True,1,c1f17f9c3c667fec4921838e7d4314ab8b1fbea72edaf09b7681ae6b6f877dc6,2025-08-31,massive,1000,1000,inactive
,200,2cb2bd4918ab3aaabd080a43f7905aedc112b13130c70b8040b26be5d0366443,True,2,6e178d883db7a129bd60425a5cdf02c8a111ceee60755bb66477b0b06574ec9d,2025-08-31,massive,1000,1000,inactive
,200,29b3f8d7ee632c37a51a345095ef43a2f7d6d3d4003ca28a9aa9cfec6bd0fb39,True,3,e2c6c2a1edc2bc30392ff39eb3a26b232afcde640df9636a3bfd5a6595fc96d6,2025-08-31,massive,1000,1000,inactive
,200,5d7a172bdbad6c4aae6490b4e4878b045804b3549061af0a5b043bf3d3585c82,True,4,6e986abca0f67200856ce86f734c6702e21310c20b194527bbe7871cfc1d7dde,2025-08-31,massive,1000,1000,inactive
,200,9ad6821216ad2bb0cb59eae92d0aafe7a5d9dfe0eab6e91dde14fd3bd1e73e8e,True,5,6fdb5a1bb59d38432b0d4f648ab575238c9d80d5539b4428ac8647e4fe64292a,2025-08-31,massive,1000,1000,inactive
,200,6568861f3595d5f302336710df2f951c5604ef08dc56c7809d20515f38e02a58,True,6,567eeabd6ff52b850c1b6bd86b6a77211a3e4d8fd53f5780757f01d4d0c21773,2025-08-31,massive,1000,1000,inactive
,200,ffad1eb5b296d93ce44c3c4522114427aa62896b73ed9e3503bd29016635a1d3,True,7,aca20dbc90e538fdd2df27d25a6cc246260749c5a7b0cc11fe32f49a58796fd7,2025-08-31,massive,1000,1000,inactive
,200,1515622a02a4c3b46c5dafc5959cd89d5d59391d5328cb6982ab7d6269db0aeb,True,8,e69d80346df80412111a09a67748c5ec1afe86ae97fa6532108b4dfd73b1ab69,2025-08-31,massive,1000,1000,inactive
,200,5688b55b28d7d955e9fd08dfbe57422ea8b9262746e26b993d8833df5bcb1f98,True,9,64dd590899adb5fb2e91c621678e6cbdccb40959dcb070c6bff992c1ab947508,2025-08-31,massive,1000,1000,inactive
,200,d4208c94b8587260abad4001689ffb86339435509223c9c5cc0521222e78ce24,True,10,af7019495f70adfccc0bd6c40a80a61daf01e939002281203fb7fe12dfbc0dda,2025-08-31,massive,1000,1000,inactive
,200,93c0254d9fdb361d4d2a168f01a94c059b6c1821e4dd4b6bf5ed89d2a2295adf,True,11,17757c3ea3907acaadb0552e5589376fdaa230b0acbb0318788f0c2fb8bbf89e,2025-08-31,massive,1000,1000,inactive
,200,2e2181a688ce8f0438705fc9df007e0cab877fda77fdd1ef7db36413daf22fa3,True,12,1575b0b3df034fab04a105712a2fd28f78dd17484a8517aa61aff277004b86cc,2025-08-31,massive,1000,1000,inactive
,200,c8bbb68972a4ba97c9dd4d870d1305dded6653ce3a0af1f54809c8a57b21b2ae,True,13,d0f1a51a991c057f01f95d30522b6fd049e4fe8f2707488bec8dddd93ac67a16,2025-08-31,massive,1000,1000,inactive
,200,2ef3aa91e4c1d7bae47fe7670c5773f12e0fb179288d57f4250c430c459ba1e5,True,14,ea46300825776393f34c0b8af2669ec20bb1d88106db484da9c57729dddff86c,2025-08-31,massive,1000,1000,inactive
,200,c0b64761a9333417a61dcef49e1deafa2730bd7bf85e0d6b4b7b0f93c683af8c,True,15,2e31195607258a65b4cd67b9a2c56f1aab47dcc3a2b1c47bf3ef4adc9c2eb8c1,2025-08-31,massive,1000,1000,inactive
,200,996f585e2c97edce8369d6a9a73fd4fd3dd40a77a734ceb09fc5d641ff4d93f0,True,16,3853c42d37ce464b1bcf1abae4f22b4fc1aa5fb0aa2cbb89447b340105881153,2025-08-31,massive,1000,1000,inactive
,200,5763fbd533f5a377ee637d33ba4cc513e80a5b711d72b0b827ec9e339a727f76,True,17,9e7784be1badff2e795ceaa5c4fe5fae98a1f154846e2f8e9cd408ae85076ca6,2025-08-31,massive,1000,1000,inactive
,200,dda2c265e0017b66b705854d4bc792b00037221d9a5e335f635bf2752f41220d,True,18,704ca7fbd46fa570d73cbd6ac831055ec421a3c3f7aee66fe1165378acdd68e8,2025-08-31,massive,1000,1000,inactive
,200,abee4a4349a0c26cbaa48c4295877f19dd4899fdb599d1a9d361c1270bdad87e,True,19,8ae395676cdaa9a3a45e8b6fc77c8a26fd570fa2c5911edb6f7eec7f87f63332,2025-08-31,massive,1000,1000,inactive
,200,5a36c8a4c3d1976b8f8de278977703c7e0db65615a3ab3dee68c44d9c202ed5d,True,20,abf6fbde0c945f60d0f8d6b4eebb4cf81cd6daea35a428ea466a0688b9d467b7,2025-08-31,massive,1000,1000,inactive
,200,f2229cf9e2c6223f14d187ea3b07236567e973b6bfd51b25c2b13bc6f319f410,True,21,29c522ad20a706c7a73205026b47d52ab862407237b78b52e69fcd949262767e,2025-08-31,massive,1000,1000,inactive
,200,5521304cd1d2a1cdb35b58b5590cf77a38f8ec1f201d100d7e2ae8ebd66b1211,True,22,a49444c729bcb02981823fe158086365771263d56a9ab2018f84d7a2538e1bff,2025-08-31,massive,1000,1000,inactive
,200,,False,23,5c53016b82c3a93e8c59e9d6f3fad1901398ecab8455f150a5b0b97e71a7b7e5,2025-08-31,massive,355,355,inactive
,200,74933fb0851c8756fa56f2cc528147a3cd781673b4bd44f3e6669d3e135a14e8,True,1,2e56aee4bb170ad63e70afef0882dc121e075d5544eee5aa1afc98500a2def74,2025-09-30,massive,1000,1000,active
,200,877c4442ef43defd86711bd0dcbae8951bb232419f6571bc8189e678d4ba98cd,True,2,9d17e1f36a0cd79a531f07becc14e94c7410523205eb889ba565f1ed91092f22,2025-09-30,massive,1000,1000,active
,200,3e584372be7557dcbcd43bfe1f4a0ce5087952d588b8db9a1959eb5f54ad4d4e,True,3,ab3bbafa61d18388434561bce8c628fda3e76b6d9569ffc2fba79fa45da29a78,2025-09-30,massive,1000,1000,active
,200,56f0f1692304c05d91b88d2ca95da0172089f3b980c716bf5fa5156d527bae35,True,4,d82a42a3d7daaa5c9889fa791266be99042f59f7def4fa78de5d963933e6fd03,2025-09-30,massive,1000,1000,active
,200,7640141dba1b7e5a95a82baecc9251cbb7b1dec7569290b951d060a791758846,True,5,d6433428071b0bf72cff95ca4a4e1a076914262c352f2e4b0364788d42639181,2025-09-30,massive,1000,1000,active
,200,4d04dc93afa635249a3e5aaca6547f9bdc53c3446efc437592f3d8fd34f9bed0,True,6,dbfbdb8697d35b08697adcaa1e4388f1e6e4e51e514976601add3b5c265f5b91,2025-09-30,massive,1000,1000,active
,200,540f7b9bca07eec808dfaaa98ade13fae26418731d80afc568939df14d950351,True,7,5e65067898cf20bec9542956828462adf5aa1c37981c17d3f9115d6af2a8677c,2025-09-30,massive,1000,1000,active
,200,8a990179f156f8048d6161b73d3ae6b95f95cfa07780999553ba5d8c4922da18,True,8,9ea457af052d0891070e512e42d4ec69e2a637a2b5ddff9ad5a3054805399aed,2025-09-30,massive,1000,1000,active
,200,7884cbe940932b30254f11279442002010dd57c50411edc325bd1167b5ef6b81,True,9,649d8522e2b5906d1fa6da942072784c9acd445187a27f02afb9b6b998a3c4bc,2025-09-30,massive,1000,1000,active
,200,270f660dbd329a3e94c04ac5dcd7b17fae7acbd9f480f560e922de4282b7f6fe,True,10,bd519b041c817baef4d41ea28b798680f83d0804462af505b6fcca59ced3ef3c,2025-09-30,massive,1000,1000,active
,200,1aba52b946cb6d14c2ce32f2bb58df71244aa9e76cc3cfa036f8e220bd45f8ff,True,11,5d5b2e63dbe9c83358490b25422471bffb46701c88ae3eff2b1e8e160217e14c,2025-09-30,massive,1000,1000,active
,200,,False,12,7e55f84c461f1ec566f059821bbcde5ca2190e0cf43367e2b3a6c58cdc608a6c,2025-09-30,massive,787,787,active
,200,614424968480633410df93f81ce7d57d67b006060dc0890f570a52725fc56a30,True,1,f050cee747905aa4629104fbde03949b34ef76b72b35a82c217c98e0b9099712,2025-09-30,massive,1000,1000,inactive
,200,96cd45bf1d387b85b28c9d9a43b0312c346b22c10d30068452efa3732c73e627,True,2,6572d264cc30c7d269b5f2d4fd0fcb26cc0bc8fec821db9ab06902cab9be5eff,2025-09-30,massive,1000,1000,inactive
,200,070eba1d81faf2eb0f10f36737dac09b9035660c3f7eebd47c2b7dd18a72b48a,True,3,d47a3a8729f2b018db79fb06300b4a10f1a7c5a41f06d790472dc5e46da0b30b,2025-09-30,massive,1000,1000,inactive
,200,041451ef2a89622af48eddb430c3c5f624075628b7d9e02b64e25aa589a9e074,True,4,352e3f61db958633b76b79862b0ae833fb8547cf300886a54a7d4da08755611e,2025-09-30,massive,1000,1000,inactive
,200,91be7562a1d897ace003d01d3dede3e30730b42a6627c789061408980eb7c91b,True,5,ca58db257267d8958ff9a5e7badce2fe6c18a4b931f2bf2b6e584e4a830c5a18,2025-09-30,massive,1000,1000,inactive
,200,3797d4d8185a0ad134525e86f903937bd8a0ad225bb64525ebfe4560c3c27a38,True,6,7231196186ac2655e1aed4d8b0186c5362c0412ec7c283c968b21c90c600e2d6,2025-09-30,massive,1000,1000,inactive
,200,61e6791062a67bded23fab5d24778d8603dbf2ca2d878f1d1a247764f3fc5709,True,7,eb95880f9c7a9a644a0d6987225ba70bcfacc3d18af973982271b992d5627883,2025-09-30,massive,1000,1000,inactive
,200,52b72c23b6c5aa60d78cc0841e5690cedf4ccd30a5557de9eed29a3a1e7cec9c,True,8,507a7f3d4030e8344dd14ad7ea4cc227e22e678d1b03770f89fb904b00e1b170,2025-09-30,massive,1000,1000,inactive
,200,5016f047974968019e0dd11e8c267602c37847bd79636a42e9eb6416dcf6a73a,True,9,b9077d2e8243e9cf2972175818e91e1e8260fc979b4ee07696afd8f145ea30cf,2025-09-30,massive,1000,1000,inactive
,200,30925a4b5d3890449d4b4a8971f99d04a3c6484138f281a842453ea1019b9fd0,True,10,b4fa109d4e49c3bf258238a22ec02a410ae3edd667f5cbe9a1d2f174f8d4be1f,2025-09-30,massive,1000,1000,inactive
,200,4ecd37fad395f9bb802d1caecb2d9561b1c5c4b9b67a64b166f188d3e640df93,True,11,3cce0ad741fbb427f353e4589506e1695fa7f014bbc19b9181612fa515ecc741,2025-09-30,massive,1000,1000,inactive
,200,5db505ef57d07df9cdefad8caafdd8e2d3048d7dc9888b2a113ea23fb7535e45,True,12,7e9fd98c82904f6a6b8812e4b09ae0a52b004f00277e21940be07a806710f621,2025-09-30,massive,1000,1000,inactive
,200,1a83123ee6cdebcc27695cf0c15fa3fce4cae0f50bdba2c9c93a0be896b9359c,True,13,6f9e379428c08f8483fa354203d172fb1f33c44b45fc9ddfcd94e77b979f7056,2025-09-30,massive,1000,1000,inactive
,200,c91fc66de9599ec090d9d6fabde4e183fbe4e16cdf83790b42512763a80bc34a,True,14,896eae8b7f1e43d1e8fdfb0e9f5836002f8bf178b7fd98cd7f594095085c66e6,2025-09-30,massive,1000,1000,inactive
,200,49540337f45c76e34f122ee172d10ae4827ee66b968dd10a0177f862c4d852e6,True,15,8f5c70eddd1428e85ec31aa66d4bf476b46df03ba7eb4d7cbe163d298faf010d,2025-09-30,massive,1000,1000,inactive
,200,390c1c076a5034c0430d5b630a6270262168f29d0dca7fb0322bebdfffd5de27,True,16,98ec62d0be7a72516481e0a7c9e359844966cd1179f65c81f69989557ded6b4a,2025-09-30,massive,1000,1000,inactive
,200,b6c37dd117ce9f10b9dfd70c97ed8968e5f5fd29cb55c5db27627dde5f3dd1a1,True,17,710841121ae1b1e1791b774e6162aff2d9209903f876ab7c5aa156cb439a442a,2025-09-30,massive,1000,1000,inactive
,200,06b2fac2abcbddb899705ac491990b1f34791721cc85124dfa5907c98f3c7f2a,True,18,2417fe524ed450cb1bd7379e5a6176ea001a6ebb45a6dc2fdd59a739614caf82,2025-09-30,massive,1000,1000,inactive
,200,5c3efbc35dd26e0c5274d0e190fec237460090e90d13e1b2ba1c3951c18c4362,True,19,86f9e547bb0b159f4e3d1026e7fb124e1bd26a3cd0377df5658c3ab85fb1a78f,2025-09-30,massive,1000,1000,inactive
,200,c9f7d374875051c7651a18f1a63e0eb7a363e39ca701b34224386c6da876f8c7,True,20,c760d5c6a8b29add5d9cef9b63a323572885a0bbcf932aeabdd7f5e43f9e575b,2025-09-30,massive,1000,1000,inactive
,200,8a3b5f9a670f09e61142cd397350f7504ba5c9c681f7842ea263acaa3ef6de5b,True,21,49cb1686c652dcfc509adc23c57db20b458caa6c855ec7fed0e63156c98d33f7,2025-09-30,massive,1000,1000,inactive
,200,8c2333e3c63afbadf8c6fb92882fa63778d3f9b9e9ace494ce69c9c3a9778a49,True,22,8ba74d4a5fb597aa82fb311a2fca3646a42a1deb2b35c0f5cf754caffc93dec0,2025-09-30,massive,1000,1000,inactive
,200,,False,23,46836ccc98d2212b97d584c06e94a82ae170a34deee343d74bddf90f5dce9f68,2025-09-30,massive,461,461,inactive
,200,ae7c7b20b25323bdd5254ef1243b8fb41c3323b654e718f5c408412986e44a2e,True,1,dd9cc594109a2d26249ac0d6e328fdade203309947916a1405f92e855ee96275,2025-10-31,massive,1000,1000,active
,200,6c5eabc70c0cde5bf69b443ba80c802d194469bacd340db4d75d4fd69eef7eaa,True,2,c8534ee9a2a5649395270c5849dc4dcca436a8740873797cfab26424dd5defe3,2025-10-31,massive,1000,1000,active
,200,cb83882aa695c0646ab51d03ece5332fc9a6f238fd58db2680639c09bad4d280,True,3,ba1e576ce7191b5f50c253378139c6a51b2fa35bb6d9bfe0c9dc2ef0eeaef588,2025-10-31,massive,1000,1000,active
,200,679f0eb9f4e7a22956492ba226f3d57dbcac31b4f6d980b7e970c8d70c97b355,True,4,7337dca9cee8c00d915fdaa9ad281284a805ee11e8d1c061a866eae8033c3a8e,2025-10-31,massive,1000,1000,active
,200,f94a8673669d18b634446700185f4f0de862101969ab2ae92f62fb1c1b79be3e,True,5,1f96e2b384a9da376dee1eb92c809a20ca48a57e6ce26f89d1f47baa0a478391,2025-10-31,massive,1000,1000,active
,200,a017579c3bdd7be922a6d4bb71a9bdfa94b8fe183dbcecde66debc36e14b1b24,True,6,316636c4428fe0a0d2ab75e59e49c35ff9dca1fa82a6896db04ae5bac9ff0aea,2025-10-31,massive,1000,1000,active
,200,c70066173f51f1b055bb345f72d0b7f5cc014f9743038ddfe9d7066d952a33e4,True,7,61d69600189c37fb00341d7ad72d40b18d79d23e35557c184ab6d477b9a8e632,2025-10-31,massive,1000,1000,active
,200,0701199b8d5fffbecb813c500b9adfed73c99281483010e9fe85ce34a163a4b4,True,8,d89a6fca3ef5c1075cb3b879e2c8c605a4b9aefbed4ad85cfc281dbf635e3cc6,2025-10-31,massive,1000,1000,active
,200,5b74a84d52be50f927b3967f4a0cfe9f0de0e2a40c6533c225f942efcf57aaa8,True,9,a3cdd406d0fb128bc53a7a0626def6d038e03e0206d481f3f4de1655725c9cad,2025-10-31,massive,1000,1000,active
,200,38fe659720a6ad206a979aba6e059f136c71b8de628ca15a50d98e7dae4bf9cd,True,10,083662a080e03b5053b967f39e8044bb07e2afe4043198d31d73e73325145e14,2025-10-31,massive,1000,1000,active
,200,c113e5cf4862988ef9a40b67d693c018831dc06e8a6723bad5510973203c640e,True,11,064ce1ddf0bdfe46cb8126a2b9717b4978b0fb7e0407562f8f1377bee52f363f,2025-10-31,massive,1000,1000,active
,200,,False,12,56efe298dacc559682088f3f67a4f27b8a2a844957592928a31ba882379e6038,2025-10-31,massive,899,899,active
,200,08654d6625ae76c8362738a3ef6ceb504ca0c17559ec95c9175ee577c3bc2e94,True,1,1b607dbd7a1385836f01252dd2366e2e06bf5fec6db6466b167ec52e91167bea,2025-10-31,massive,1000,1000,inactive
,200,dc037e060a92ba1a96b5b8ffbce3a83295d65f1d92252dc9716545e2a28b75ee,True,2,f10116b23c4fb765452d997b13484fff84cfbf9f65f75d3182819240534dc64e,2025-10-31,massive,1000,1000,inactive
,200,56fbb850f1c16b6bc0cf711a6a2a01fd1d5bd63888db0032f26510f250f81ad0,True,3,07048b780e1faa5ba64fff0405a4cb3f58619bc5917f73a5b71a970874491b55,2025-10-31,massive,1000,1000,inactive
,200,f6969f09c691fa03be819d9352c0d1ad44791bb308d8d0669e9c2546a9a4223e,True,4,0e53dd23c370ee425e4c3544d835905485f552873eac2f7f2623c509e9184e7c,2025-10-31,massive,1000,1000,inactive
,200,a78feb343b3c05f33714186603b7c6f3f25d01a3c6056bfaff170bb4a3fe31ea,True,5,ca7ea0b63336877ce80c510a2f28c20a0c6b63a4b5ab920b8c26245e237d3c29,2025-10-31,massive,1000,1000,inactive
,200,2ffadbbde955040f84be266c9ab8835df3894e9bd2e1b0e1daf4482007d7dd1b,True,6,7c33d34341d0f241fd1d5989d8d109ae04ad2022fe0d0f54ed1e47252e89b01f,2025-10-31,massive,1000,1000,inactive
,200,3368cb93e824cca47b5ff6e87a2d7dad57119d82bee82fdd6a8703bec669f608,True,7,daa22d1b4f29d0084d871c8b6dab12fce53cbc54189d9a8316dcfe0ae6d2e495,2025-10-31,massive,1000,1000,inactive
,200,691e9a4beea966d25cab615f585c2a8e272d547e1ba8a03886d5f20d34e05644,True,8,28ed6e8a29f7cfb1ff34a90c59d466bfbc4203374181083429e97fad0c2f01e7,2025-10-31,massive,1000,1000,inactive
,200,2b9b7c54182ba316f2505d8e128da93cff176ec8271702b5daff0d73294a3f3b,True,9,edf23284277f215d1a4c33a4d34b0c1705b9acbe6927e3b2073d9d47a215dcdf,2025-10-31,massive,1000,1000,inactive
,200,7f2887ccc7be8628ece521c787d89f3c685f9216de91f85401d078c3ff53ff30,True,10,fc415b3092e3841865dfbd11434926bd61a0459b454775794234b05d7a721035,2025-10-31,massive,1000,1000,inactive
,200,9c7e46182c3076434448966792f7153b482371522f32061408f00df615027e28,True,11,ce4902cfce4e0de7c17539c67389a43aa2d26ccc5e5d201e7f717168e49d81a3,2025-10-31,massive,1000,1000,inactive
,200,dd4754347bd921c2900ffacd7042297965cd149e2495d11ed52747c2acae5684,True,12,a2a8034e7a966bc20879edfed40382472ca78a4bd0578afac2cd7296856806d6,2025-10-31,massive,1000,1000,inactive
,200,86ac87dbfa1655fbd940cc429b2fe0ea3836edd138b88e0499ca868467719525,True,13,dc4d501dbb5b2963bc263686806b67904119d952587dd90d1bf5bcb4f4e9e3d2,2025-10-31,massive,1000,1000,inactive
,200,5bbd5a314440226e68245402c5a7467d18d43124f9b5e461ec5f6f5beb3bcec3,True,14,6027a1bea5045a93c5849f9a2596e8ad22189d1533d963cc6f0ad349856b8e76,2025-10-31,massive,1000,1000,inactive
,200,33ed3bdeacf232329aab33de18f2de2a406d86a0250defcb6c27a87766eb42ca,True,15,2d351cc61da22173fbc0dea8d7e4890f47aef6f12c24e6d928efc32f912cb3d0,2025-10-31,massive,1000,1000,inactive
,200,3ca4a96e32488fea5802cb3f1834b98e0ed5e1271179aeced8978b1fd6f8b583,True,16,0486f3352751795f66f02f8a2e0758b6b66461ff38216e06cff46781c1f13ba9,2025-10-31,massive,1000,1000,inactive
,200,89c275c773682708f8c4fc18b6fddb9e6cdea06da662e0df1d3616fee65fdc9b,True,17,f9eaf6448d3dfdb0c5aea2710e3710982c862ebe3aad8be880daf7d393e5b992,2025-10-31,massive,1000,1000,inactive
,200,ed51696ccdcdf5d01f73bbfd2ae2a9522382a751cbfd4b91ae9b2e74df203e76,True,18,f73b838c542060f8a4c4c1e8828d0df26b75da0cc8bb3cd3ddb07ebe333c351e,2025-10-31,massive,1000,1000,inactive
,200,6a0183be9fd8ee413edc289948de25b504eb1d9230773a44354361d7f1a1d800,True,19,d367dc7cc772c2cb28e6bff6f5806eb1309846e9c2a66bad1f6700591ae7d2f2,2025-10-31,massive,1000,1000,inactive
,200,cd5d4ebeed54de612ebc593891bcde2e382ef4c806d424d8e8b0823ce0e0971b,True,20,3dfc7cf9da7e4ca6cdae8d0cc7814bba243cab1c825eab010feb81a5803df0e5,2025-10-31,massive,1000,1000,inactive
,200,3451d8cddcd2cfcb6b75f8d90b8027428c6e46c79ea189e47e3e9ca20c50a6ae,True,21,6e55ae9527a712ecf21546c286211c1962aa90fdfcbd610ac3c53b4c9845c4db,2025-10-31,massive,1000,1000,inactive
,200,1119a71df6e501190baa288a6f5df49eb019f294bf87952c742d264fbae0f2da,True,22,cc950ad563321ecc80807fc0443819b4107ef3f8bad9dc234f2e969c3b288ab8,2025-10-31,massive,1000,1000,inactive
,200,,False,23,608ef7ec78d7f21002d10baca72a64364369d4dec80b04a571016d4e0a1f5b17,2025-10-31,massive,557,557,inactive
,200,348f3ee072c2250ca6d8fe0d35926c1c46a48c9c25d2b66a840aca4dcffb627d,True,1,60f6372aed315570d5ca94287172f30b37e83c7d29b8b58c156a912f5234835c,2025-11-30,massive,1000,1000,active
,200,5912e60790eace6f2e77ed83a4f9551dd4ffc8daaf02dbf469a2c87a24c5ef7e,True,2,3f78e5c2d694e04b9f73cd6d9d4a86d62cc60652f028cf242ea665b8dd0f46b6,2025-11-30,massive,1000,1000,active
,200,97513fceb98cc2da2a90fca1ecf21597cf8f26bcf229b0bddbc0f791da604db7,True,3,fa70bd5dfc5861bbc2220dd68d74dfe1dc2eea71fe8b0628e02b2aac189ec7c2,2025-11-30,massive,1000,1000,active
,200,a61a9d1a55795cad5275005398461e74c80e74f9d042922ba85051d9487ef9f8,True,4,5904b4c3065d77a9c9dee7e0e5be1e984e70c6c3ba47a3d934f5757859cf4ebe,2025-11-30,massive,1000,1000,active
,200,ab2a554c0b999a5444fa48e04340eec11332146fc72f7256b7199a6174f89ebd,True,5,70159fb0728e366ff4cac47a21fe97743c823687bc835ba69594b0c2d0b78f6a,2025-11-30,massive,1000,1000,active
,200,f9bdfbf8e29b1185773643faaf7d07a7860a48883ece5b41f8c0687a48c21e5a,True,6,928922eae923f3edcc6aa6cf3dc1fddf9250be586cbadb54f5d02dec36547fbf,2025-11-30,massive,1000,1000,active
,200,6dec2deb9cb70b2495b80db617f95d6231db2f23ff480a21768af4237798b053,True,7,6d0808e0125cd1e81a3591d45d4abe3e678c9405ee237aabd15c6aebc245f95a,2025-11-30,massive,1000,1000,active
,200,3647f754c4995bda9ea576eec69c9feae81d8d120cf9522977fb43217bb87290,True,8,aec318e9f9b11921ac09fb8a4267fd6665169420a90ec2d0aecee48d90169e57,2025-11-30,massive,1000,1000,active
,200,fd63fe9f0029197b0f61297d2dae1f50fc8752d7f9c3104d040a1f3bc51b5fcb,True,9,9c279e090fcaaa4408460422fc12337a38a978ee029890ef01eaa8f949b17580,2025-11-30,massive,1000,1000,active
,200,eb63ac0d38152fe94860ca9f7aa910a6a79f992ffa8f28c26e7cd238f4b35c93,True,10,2bac9ddf373a5bce3c84829df259532eb08a6478709608d0ce2bf40dc04a0bcd,2025-11-30,massive,1000,1000,active
,200,db60618e6fc9a70ce1f92b2b7cd9380bb43584ce095f952ccea73aec07a0908c,True,11,b9e225c4908951b0e04b55971982817503aa834dbf65f84f673d8e73e7bb994e,2025-11-30,massive,1000,1000,active
,200,6a53411aa4554e8f2f9e56ecf28bde9ab7a09b3955ff5e2a39eb27f6391f167f,True,12,447b6d7d48057f8288f4677a4471338bbb0e6650cdce7d80707d55b9ea2b85c6,2025-11-30,massive,1000,1000,active
,200,,False,13,21680d14b151c6e7cb811a33c34dd2e02ea5824f05e23626d2727399d448ad9f,2025-11-30,massive,38,38,active
,200,661aee672c7a6e51e2914afddf91c805d7b2b8c601efe725fb4345c54791dd09,True,1,7b733924be0763d08b7329794611ce37f3bc730008af34ff0e0ce350e21b5439,2025-11-30,massive,1000,1000,inactive
,200,ce4fb8c01dd76ab672654ac21250a726e9d75f6fa7bef52c3f07c2990c9aacdc,True,2,a55b74d85736b5e4abcd779516c3c9165e2cd0e353f2a9c7eef72e369af53dbd,2025-11-30,massive,1000,1000,inactive
,200,8bb38c4d14e3fcf050b8b2adbc5999d2eab04f2af21bc012a01d0620575932a6,True,3,b4b37056abe3fc03d4a39742a24b7db183c3bfbef0bf41aceeace39e71b45d4f,2025-11-30,massive,1000,1000,inactive
,200,89fc6b7864d4549f4373318083890554202006168fba8d58d5d438561c539c0b,True,4,156b01b127687bae0d68d91c3bcb4857b2f4898747cfaebdc97734b874f889c0,2025-11-30,massive,1000,1000,inactive
,200,7485acf775f302a2ec8122d9e9c92e63121be8f2254e0c7d1d3781d149cae549,True,5,50bfc0ef8e5fb71db92d6f3ab69011768626aa951acc18986044959a5292e25f,2025-11-30,massive,1000,1000,inactive
,200,dec47c404807f3f32bd189bcdfa572694ff7b5974fcdfe43c3d4dceb5d69e434,True,6,1a7343652935b5b2309a880aa770889ac8ee146a2552c8f3af7b54808055405b,2025-11-30,massive,1000,1000,inactive
,200,298f728fe1cd2b07d4b5a4d9241dfbccf2a169553767f43659a3e084b97ffeb7,True,7,824cb77ce203612f46ac6a64890abfb06914989770c1c6dc9b46bb72a444ce63,2025-11-30,massive,1000,1000,inactive
,200,ae8d95c7064cce249be7e5e2deae39fb1bf02effedff7950d3f41d72cee92523,True,8,aae9e0e9f76b93ca98994b3ae47ca9da2eac9e1c18697bcc7a122c3867e8ac34,2025-11-30,massive,1000,1000,inactive
,200,282bde104130bf6fe208073e62818e7ff951e9c4b86241e10c72b74256d1a41e,True,9,8b20610c507498a52f1cd6b2990887a9349757ad7dbb414858266b9ce0572a70,2025-11-30,massive,1000,1000,inactive
,200,05f1e6f3344648fd5a55d550f41c8fdb22359be66d7e14670276a0d85ca7fd6a,True,10,bc3da784839d5a34778650f6ccf666f629b98df354237182afdb8da136e8b005,2025-11-30,massive,1000,1000,inactive
,200,b7fe4fd22f2292211fb2a57935e093424393dfd11c6292bd3901f53403645828,True,11,5a311fa8290ae6f67ec54156a410dcb506fc6ac6c237c7073aec5bc23fa91cd9,2025-11-30,massive,1000,1000,inactive
,200,d9bbb964a31ea7f37a559b8bdfdf294769e10f1fa46cf3de74b58c4cc962e510,True,12,a61741eddf1751b93346509b6532e507917a04fa1f1519bc20778f6bece44436,2025-11-30,massive,1000,1000,inactive
,200,d11bcc9f758ee4832a31403a7000b275296ae8d28a550c091c8f922765cc2526,True,13,60f9560f23962d8ce00f362910e9b66cab767ee250c5c9db6e51e2e5bfbd5a96,2025-11-30,massive,1000,1000,inactive
,200,b07808ee5179fd30f8a24d450e4991164b0fa86973c21893cbba1b92619899bc,True,14,edcf6ad72337652e300558d0bc657b645699ec6ee643d1141d1892afc2bd34b5,2025-11-30,massive,1000,1000,inactive
,200,f856350a942393897394411805ddc0c1e25d256e94ae4ed051658fb597d92204,True,15,1158c7de0c8e8e13734a212cd9c5c2d4f5e55192ea1e22b50f6f6fe037540f0a,2025-11-30,massive,1000,1000,inactive
,200,a2ea39481818bbdd0b1083c900effeba7581a5b385182eb35ea84c99b67ee89e,True,16,9fe34a9b3e1e9192ee34435baab5e4efa04c07f692a8f366c9114ac1f8edc1d8,2025-11-30,massive,1000,1000,inactive
,200,6a52a2b4ccdc1843bbfa6cd773de5a565ca5ec1531eeec0c72b6aaaf0eb69d61,True,17,11f665b49ca1023f8ad5022bb20fbc9319c63e690ceecc545b7c4f897186e5d2,2025-11-30,massive,1000,1000,inactive
,200,96c9a967db2c7943b83f256e609715ef82ad6e39ebd39f2c940160f280e8474c,True,18,d0236a95969696718c40c25e63a261874b58d885ecd39cde7fc2411fd4ebe242,2025-11-30,massive,1000,1000,inactive
,200,5538a2209bc654224a54dcf4d8adea1e1d2363cd594326c7910e5be2cda698b6,True,19,e9cd0fbb71bd035f8b777494e220cd82c892c3825a586151609cd3fb759e0fbc,2025-11-30,massive,1000,1000,inactive
,200,5fb5581df697929b84fac55c2bb7e8a1254ec3f2c357cb9175dc962b65b35862,True,20,4dc665640d937ec4119fa9407689a7ca10f8d3825755355a2875507465151604,2025-11-30,massive,1000,1000,inactive
,200,347f7c3aad500d9d879ee278baba545d88bf9f6b20e5d04d5192e403157c6055,True,21,e55a7cfac97672ef5c89a91d1417c88de3fcd864f150eb709ef4341b5301efea,2025-11-30,massive,1000,1000,inactive
,200,5ca44caa59409fcffe8b26c752c594cf0b96afa70b2dceb4e9aa9ebe2d44f846,True,22,720afdb4b77b18271bd001cdf4d9a95a08989b176ccb5288549a512f03ceba17,2025-11-30,massive,1000,1000,inactive
,200,,False,23,1a5c4cabd9e176d6dc2389fcbf57d4507f027ef00efc50d1d15215b02e9e86ac,2025-11-30,massive,601,601,inactive
,200,dc6c93204bc3ac64dd646fbb73fc57dd042d2aaf2118bca95d7be42e42c277ac,True,1,c35ecb5c4694cca4a4fdc72afb9197c8babef875dea65cc440dff0e8741b633c,2025-12-31,massive,1000,1000,active
,200,c0ba9f257156fcdb2c5d1ddefd5264cce2668116af1cbd4e74843a59883861ca,True,2,9f44387d52746f676347480daedcf0297949b70ce9eeb03017c31170f0912fc5,2025-12-31,massive,1000,1000,active
,200,5465beed0a36d05f1449623d7a103bcbbe5509249863bb6a0a2ce13709a0dcd2,True,3,428d115359ed47cce8b8c4678cf54eada8e289c3447c6d2320e7efefbfa80769,2025-12-31,massive,1000,1000,active
,200,c2c58ec9a3c9d245f6806ff104effd82650bcf911fc241ef63df955c5a31c11e,True,4,fdccc3608118563a2de2d7fc13f41caed6e91e2f6b10dfe88b730964908ffe8e,2025-12-31,massive,1000,1000,active
,200,170d38647c352be45829c9205af5e54ce32709b6260fd47c997b6661ea5c0b25,True,5,2658004e3883a0d44a1ff0eea674e0ea0e50656920e578a0f0089f7f439f258e,2025-12-31,massive,1000,1000,active
,200,c66a03e3b331ab9a4791526d64eddb38a1f3cf6358c9945737a6bf7abfcff596,True,6,a8e92f26bb69db140fb149c23343e2729a133eef7f5539a1b65d613b06471bb0,2025-12-31,massive,1000,1000,active
,200,dd68061c9efb6e0ca22401b59b790cd5b0c5149517dde6f270a8b05d674e3f7d,True,7,b3183954b0def550ddee58d020a00a9e020e74d06d7e9465b2a8688a1cbf1cea,2025-12-31,massive,1000,1000,active
,200,844b20d0ed45ed5f1fe5d2b48e1d1433170a7a597bc5fd6acb5df6c333952caa,True,8,bd08b7e34739c6119c31be7a16dc2d972d1c1c79e141d19101e01ac8cea3ed96,2025-12-31,massive,1000,1000,active
,200,9cd649eb99224672bd81c581bbeef87aed38ff6304c057744762275cd4e118c7,True,9,13a41307d66a1713965cbe19fdfe8cf3993e2f7ef4bd77cc411c21766b16b02d,2025-12-31,massive,1000,1000,active
,200,547635e0ee9d6c0127dec2d41c36fd05a5cc736632038c68f9213688e95b0815,True,10,be25d3c9d5ab9a67274e85e41c0e8ea3cd9578ee0741c4b4bc21e2cfe7323bed,2025-12-31,massive,1000,1000,active
,200,12aefb86d4032ae5a97b514d5eece0a4c1a8cb3ae26daccf29c1ca16b2192a70,True,11,f01ea04ca7206306e435552693b64f87aa5c2e0e1e5d1ed1afe46506e8a577f7,2025-12-31,massive,1000,1000,active
,200,f5ed4049acb9df65458e5bffadce9700f6a0aa4c90e59bcfc20d4776daf25096,True,12,47aa6dcf003879460a86ebd2cd492442aa8265a3e7c40810b08cb80e50c3228e,2025-12-31,massive,1000,1000,active
,200,,False,13,5cd1215081d44db9abc6fe507d9323276ae68acdef49d4791b95f01dad82ab66,2025-12-31,massive,126,126,active
,200,cfef835ad8511ada0a68a412458fb4d5ae6538599ff08b7e71c6694c3689ae27,True,1,b918cdffb5328bb998ba7662a29e45e8125e8cbcf7f53e7c21a022866e26cb81,2025-12-31,massive,1000,1000,inactive
,200,15f6a6fa6d5a31236d0880aa479c5b38165b91e9cd5ce768193c229edf50bbf9,True,2,f301e9d3a1f0a2d97bd8cf42c52e2819f84c3d60a7fb3150bf5af7cdb646b358,2025-12-31,massive,1000,1000,inactive
,200,0746a3b2aec3d2f505b979aeea723e8ca5804923450a5ef80f57eb90cfb62e54,True,3,2108cd1f68e933b3725174280f9f55a84f5297054384f4580f176f2622ccbe97,2025-12-31,massive,1000,1000,inactive
,200,fef48abd68151048147b1fd28fb207ba580bc5a456f03540b3e687afdc83c4c0,True,4,e9aa289fce3be09901ca8fda6814e4c20c737aca6d6eee3504d21695d38c2a99,2025-12-31,massive,1000,1000,inactive
,200,d402b8700bdeb5a0d9a241003e0f581bec18b0aac23dd47c4e963c98738459dd,True,5,d70604baceeefd996e7862f6673130de1305c6a56cc2e29407459cbd893fe7f6,2025-12-31,massive,1000,1000,inactive
,200,ef93077c8d729fc121dd482689b18346a2a6d0ad34fb86b7c26af8801cca6588,True,6,4f4b4f02e00729de5e7886c515136daf1902c5cfdc56bae85bd11624d99565a9,2025-12-31,massive,1000,1000,inactive
,200,6b573370e9455ac542f2928c71051efc580fffe9bc10f89e836b61683b2a189d,True,7,da97c01eb6a2338f913e27ba33876a4017bbbb53fc9f2a733b60667ecaf5df4e,2025-12-31,massive,1000,1000,inactive
,200,42085402bb0b599d1378ed04178b15dac3fc57442606f0e80dc1572577afcb75,True,8,7791726db16cd2ed107ecff0a82a86e1f61e96576c50035d01e7d12cbaf1db84,2025-12-31,massive,1000,1000,inactive
,200,c952f11462d8a27558fe14b0f85257d981552176ceb622fe84baf13dce87e6d6,True,9,97f952df6727d86387bce9e095a56e9b589a68bbca00ac23595e5b7cd2eea636,2025-12-31,massive,1000,1000,inactive
,200,56270528b277309f57e06ab402ca85826448d6a4a1e1e3ad568cc42468127913,True,10,0b8b83119413164b220dcd95a4e8bcf7b547738c8b946f60f7c43ebca7897108,2025-12-31,massive,1000,1000,inactive
,200,40a0e00dd193ac2a0917ad524899a5c9855fcfff349ba29ff226d01f5c60268b,True,11,6b115c5bdbaca304f72d0ffb7f4e0071a3518bba25a44095c89ebb2f007b1def,2025-12-31,massive,1000,1000,inactive
,200,00d670f0c8c9021bd55cb4e378324387c71e48e427509158299bbbb815a9e87f,True,12,b9b3fe5fdd3e782871c1c8006bd653be917fb74f0c2cbaf881a12ec85f36e0d6,2025-12-31,massive,1000,1000,inactive
,200,9742bdff95a15d682bfda4a896b36ec4162da2ac75c72d1e60cdebd98c6a3cb3,True,13,6c405b55772eba126a918b61323ae5058c9f53421c28a05853bb67920f119df3,2025-12-31,massive,1000,1000,inactive
,200,bdf3e72761c9d729f0f43d811375581f399e4ae8758e161ec4be91c23804fdbc,True,14,8df24238826c263ec9a50915ac62f1d9856fe5ecf71ea8064ecf7da7df16a0cb,2025-12-31,massive,1000,1000,inactive
,200,6054b4f6e9986af5337bb17d7c1724da395eb1c9fb8facb05bbe6ed268664fd6,True,15,e793601f25dab95d740e2a4255420eccf2da7c9f9af156745963e28c9b61a544,2025-12-31,massive,1000,1000,inactive
,200,e9dba79acf5d7cef150be5a2dcfa8a72cfd4b7edfc34120613959261b77b6a9f,True,16,a816f6e1bb1e6b43bf1a3cfed83706734ebb5f181c085053a7ad1593b6891162,2025-12-31,massive,1000,1000,inactive
,200,a5531f855e502c10678286a4183fbeeb5d527bfee0a42312bea69f7614c14e4a,True,17,cfc5084dbb79a9f02fc0e133757d0143fbd53d8a615f78acc85669cb2339af4c,2025-12-31,massive,1000,1000,inactive
,200,07002d70d380e29e40ea99fd60ad8451b5bb05cd3d161e35ee0c048170241bd4,True,18,aaad91ebb8dcf617f541c60f3334808504b0d0f4df4b660bd2fbc050785e2f44,2025-12-31,massive,1000,1000,inactive
,200,91dbbcca0ad88e62a517cf1d3fadb2ed2a0358368c0855a752aeca644de56505,True,19,3bf37f708d178876162374a14b42114a266cba11708e59dd41a5324fe8dee667,2025-12-31,massive,1000,1000,inactive
,200,b054d82521ab7f5ffa0f167d2c23fcfbd5a916be57db79af352b83df24790a69,True,20,a64ec42faddce4aad90f98524296a10f3eade97816d32362ea9906745343a088,2025-12-31,massive,1000,1000,inactive
,200,8d858f8b6af8c46cd5d7296e6e392f801692036a7606d3eca659d97669d1871f,True,21,dffbf6c0407509aaf798bb71219eababec8c9093104ad20d967e46e249cc66c9,2025-12-31,massive,1000,1000,inactive
,200,b358104954ef3f13540773daee5c46437c52c3455a61bb9dcba148a026fdfb28,True,22,dc1e2206b4c8a85b08fe2425d699f078fa474d94f64b01a7983c081b4c193117,2025-12-31,massive,1000,1000,inactive
,200,,False,23,aedd02ecb1825020275b594c7bc584a2b9a883630c4cdbdebefa5b849b851ab0,2025-12-31,massive,708,708,inactive
,200,16aa1d65f3df0f13e1d42f811ce19f7b99bd010c1f9f591b79ac0f92a4372cac,True,1,2ebf88aec012be5c1f7ce9a47ab5e7ae35074c7cfd6a46e7de89d8192f2de3bb,2026-01-31,massive,1000,1000,active
,200,533fa2449e6a277457fe4af801a8ccb693bba4b4885a74f84ff11954e63dd4c7,True,2,8f820d158d143299ae18798de23b1b18e9f98f9d5a7fe659dfb78f724aee569a,2026-01-31,massive,1000,1000,active
,200,a137b342fdac677cddbc2c470cb20d91a12fb9c51d68da6ef1670aced7d19549,True,3,daa7e92af3112b941a386bfa552ceb729386b89cb4c61df82050ce1c2afa0514,2026-01-31,massive,1000,1000,active
,200,f06d3f04387a85c689ec55d640801a30fea0e834629755485d70bd0fe51ec514,True,4,8ee43ded3ae2d40cef46939cde6f3866a6485af332bdd4881eb55b92424e27ed,2026-01-31,massive,1000,1000,active
,200,b080d75d37ebc470c942afa7cc1225bd8fc63a95fa475110eee55912dfa235ef,True,5,cb32c8e8995e3e304dedeadfb180027f5a7197ffc3da358a69d9a869f948e226,2026-01-31,massive,1000,1000,active
,200,dbe632088c21db85065fa4812774346da652c5f570716777b6627a132a93e43c,True,6,608393f82b1619b7c7b4622cf121c142acbccc2eeed54af39af2bb98470aa4c0,2026-01-31,massive,1000,1000,active
,200,3bb9d55dad5eaba61a5b92777db26dc927505b13b148314f2ba7a2b562e8ca7d,True,7,2e52bbfb780b073a22dafc088b5e158751d162426883bc5bef34ecc67154fb7b,2026-01-31,massive,1000,1000,active
,200,21dd9400e506f622306e9ea7cda3c42536f09564f4101cd7456c372a333deb46,True,8,69488b40c60bb581469e590ab25f6455a29a7c29a0c9b15ba5695274e2406fa1,2026-01-31,massive,1000,1000,active
,200,a41cf26127d7a944e241b7ddca2252821407c320ad61a81e1a47eb629714eb4a,True,9,dbbb8b9cccfed8f75b1103d166d6d25d67524cdbe4c1dc523994993f6c44baec,2026-01-31,massive,1000,1000,active
,200,22e5419ae5e0817119ab9b094ca6b45fb2190c3b8d7612dbbd25bc6fd730dc05,True,10,9f4671172a7a7c1453949739395774c8b84364749f509c8d4673c0b0cc1d0475,2026-01-31,massive,1000,1000,active
,200,e9057393d25176d03858949388e14d7ac9ce8274f5104790e1541f656fbbb94a,True,11,1a09424b53a5628fcd3520ccc188675bf371fb07e2d6eb495c4b8e82f5170b12,2026-01-31,massive,1000,1000,active
,200,64056e8775a6f6edccc0d0aa84183b63ddb766928469464e160532360bb80214,True,12,4b695790a365a55828038719d104b630f15d3fb62ca4c4b47d43d7cb7b5df7e8,2026-01-31,massive,1000,1000,active
,200,,False,13,d258f12ccccffaae83738447ba46672746cff17bf4ecc26f4fdc6f04ae5abaa0,2026-01-31,massive,227,227,active
,200,6d50a02bbde04b2d15d631f3f5ef5ad207a8342a318502b09e4143943a5b8a51,True,1,4aef6d414cb928e7998d22413f26240f4af2c6c9c119d076b5c9ba26329c650a,2026-01-31,massive,1000,1000,inactive
,200,a53a9ca644f776460db7d9017c74fe17b637ce89d36d339d4f9391436020c15e,True,2,45da2bff441bb34df8c357cd2a542fb7b475d7b28488be1dac30bbd8cd795869,2026-01-31,massive,1000,1000,inactive
,200,c306b4381c4d7c6b211f18191ca24dd814464dee22a0a0b09e3fea078a7c9133,True,3,1dc0891e191554a6e96c5d491373e9bbe4a983b37b647e842fed3b45920cb223,2026-01-31,massive,1000,1000,inactive
,200,45d4b16f99eb57b3dc6fb776085fd354680a7b0e3bc9696ae9b03af234856e2f,True,4,b5b34475fabbff29026bc6edb20d5a840a298dea0778103362ab244b829219f1,2026-01-31,massive,1000,1000,inactive
,200,87c02560accfe76614f39ad85ee25f80064dabdc8a7e34f65561810358d50e45,True,5,ce28e036ec823a9257d11cf1f047c07a965403aa83f6fc6be029d053fd2effc8,2026-01-31,massive,1000,1000,inactive
,200,1838c44868126c7b1d799bcbff09d92bef7ed435154903372cccf5439cfca0fb,True,6,94141613ae37a6fc9351751f49f12255c4c206dc195da22571c19a0666300c3b,2026-01-31,massive,1000,1000,inactive
,200,f297a437d4df5b76284c6ca99d8bb1cc09a6cd45d5c5e26e8b85a92235b1cfeb,True,7,01f8f479af72fb7b3f7ba1e87b7ab489c786aa641d7123fc0f85b6e1a492856c,2026-01-31,massive,1000,1000,inactive
,200,496acc6f73de9de0931586bbccf920da41aa05c6dab87aa72e2821321bb527f2,True,8,ea96290f5313b26871eaadcdd0c325e3c05a8e9db0524c28654591696a7a19f7,2026-01-31,massive,1000,1000,inactive
,200,2f107c5b396268c15430bb5b3f8a50b32829b88da830973fb5285494e6971d52,True,9,e4bb96b9f7d905b1c9f199d021a9caa9b12662aa832cfa856b08431136b32fae,2026-01-31,massive,1000,1000,inactive
,200,ee5da74fae3e098670786b5bf386c2661ac71cb84f2c16a8457b61a81a83de04,True,10,a5d915ae64fc5d00c64c5e7e07f4261e85450cc9e1cbc00dd9529eabb6ad078b,2026-01-31,massive,1000,1000,inactive
,200,92a36758e4d69c529fbd6a8a84580d23fdb18dfcdf5066e8180159690ae0134b,True,11,50dd019efbcf56c34b792bf654296d66342333a62099f24198816fd89046b1d3,2026-01-31,massive,1000,1000,inactive
,200,18cf0823c51b3e580d586a4a4b6f151134d27e8861cf52ff51d16facea9060cf,True,12,1a7bd2543378a9d2e09985df36a9225cf3da1ac16b9e34018b66d52ba48be34e,2026-01-31,massive,1000,1000,inactive
,200,0e2f91aa3d7f83699a0b42f877300ccc05bde088d0623b34c3083eea11416e5b,True,13,4ab56eaa63a1131374cb9877ee5a37af0767a4cfd92018818a792adbc18962a2,2026-01-31,massive,1000,1000,inactive
,200,e791b8d38fbadd8ddbe0c854c5453494b3a4c8f48b3fe84fbc6c2c0a579c8a3d,True,14,a1eeefbf6b288c6d52f53f75b8eb362fbbdaf75e64766b06662cbfd1fafcdea2,2026-01-31,massive,1000,1000,inactive
,200,9484d80e2fcc01eec0eab467c86a913788ba083f08bc71427c325a0751fff956,True,15,19104e5440200ff08b8b7ca90e2e41c6a1a40591d05fa06eb9613bd1cf316d98,2026-01-31,massive,1000,1000,inactive
,200,8d1a7dd93a4e3331efe7cfe7d1d93072c853d021eb529c561c4775729cd65ac0,True,16,69df12fbf456dd663603524d0d690a468930d11b548b460741cd54829195a33d,2026-01-31,massive,1000,1000,inactive
,200,22f6515df83a74c0e07c283770cdd1a1047c64d873dd8d54a139be2cb0bcf840,True,17,2fd996fc72cc8accc33b6e9a729fcd387804900638754c6162d16ea3b6f734ad,2026-01-31,massive,1000,1000,inactive
,200,de52ec20ce8b220184b3bb4bee5b217adae3396496244dcd86c85997407db1b4,True,18,0229507cf28f323d5c0b6245716f7351d2f4285c9c850c29fb3b8245859b419b,2026-01-31,massive,1000,1000,inactive
,200,c85b19350e284f3b00d9a309f4d6e3ccbb69b8f6deb2e5f8a1ed31cdb34a01fa,True,19,79dac251eeb051aca4765caacdec527167f887376380733067481e561e7ff591,2026-01-31,massive,1000,1000,inactive
,200,75811e12ad384c37dd6204806ca5c6b98db9564ab283afe985ed2dd3c2e7ae42,True,20,f61bdc156ef207364b66f4a7f3b5a53c2eac31bc417f42cefd9a32ca1824747b,2026-01-31,massive,1000,1000,inactive
,200,db9f4eff7f4bd6b77615dbae82532624795e4a1c7a8a5941a367e707e73f9644,True,21,a185c2b4abcaa301c12c43cee0aefe2108c422443c67462fd168856f722775ee,2026-01-31,massive,1000,1000,inactive
,200,5a6174b85abf9ec09cd2051ba893ffba8bf281c8659d36adc669a9970aac9e4a,True,22,5878b717570eac7d37b972122f6de565e3598e5c10720dc74321ed75eea29d4d,2026-01-31,massive,1000,1000,inactive
,200,,False,23,9e9824701c3ae0387bd5666d3d7d4a6f78226fc0b4232aa926d1d929c832a5e3,2026-01-31,massive,776,776,inactive
,200,6d9628dcb18f0d23f5975c4f40a16f8d2200a0d51d6e93ba6f0780e2ae9a799d,True,1,74b34c0bee5380a4597baf40d54f6428f9884890e8df8382efd58d2c32201cc4,2026-02-28,massive,1000,1000,active
,200,4cdd97d6de975a8a1ceff604dacaa0f64e576f4f8ea1a343f482285717522222,True,2,428ea08f7537467ea845649a433303c03e7d19ef6460d2c91e1f3c21bbae8cb3,2026-02-28,massive,1000,1000,active
,200,5822b15cf7f590a5ef26bf5b249ad7347f30bdb6ab531b9e60fd71d3de250a71,True,3,b8a863c1ef230995a7b0bd3cc1e44677aafca00f0e949a646d23c8f331f33579,2026-02-28,massive,1000,1000,active
,200,b9380a65ad7fbf5f4ed2f3b5f00676b2781aa226e73197aaf06b602ecc383d9d,True,4,1b5862dc42826d5db8af14b4dacc4831b3f614b5d0c75ca6282a107c37cb7eef,2026-02-28,massive,1000,1000,active
,200,8c23e431c94bd999f2ee0b72d2b0f94ed1fcdd4d44705dfde97edec5bf32a4df,True,5,0390eaeb5b19e2ffabcb5af3026971edcc2fa2e5ece79fbaddae442b4c31af32,2026-02-28,massive,1000,1000,active
,200,4ef784bc3fc09b90b7b828c849f706ec743d108eb848ce8ac0122a49115dd049,True,6,0ae511f1ff904028eab2c9e8b16090f1fe51fead7025a93f6ca16ba6c051469f,2026-02-28,massive,1000,1000,active
,200,1952c235f11a51277d0c5e1a2555c35a629ffcbfda453c383242adf31fc5c205,True,7,779a26b2dd5e82a794e32670d9b34f5d6e3d28231e11b233af124f00e11aba7d,2026-02-28,massive,1000,1000,active
,200,29039f71c6b1b079d720ec46b1e566f65a76ffd71479fff128040983508d0c53,True,8,dc8b91bbc6bad7dad8616c54f93f00cd75f9e228776105d8d723269385ced407,2026-02-28,massive,1000,1000,active
,200,157dc7993da1a3f2eb67cc8f55d2f482465f30d8c64de7a3e80ac3cf8c539f8e,True,9,5935210280307ba5a3bf0c537fa7a79fedb224773594834dfcd5c9759c293106,2026-02-28,massive,1000,1000,active
,200,7372caa83c0c4c30b235e13e7239474f7aea637719d59046d92077902e7230a9,True,10,95345f560eaa7225cc09816d80377cb46ce3d827a082eb00e4dd9c7bd97074d2,2026-02-28,massive,1000,1000,active
,200,df5112a8ffd36d68c365e455544ffb4ff5cd0713327c2094973cae3b1b1b1f7a,True,11,352c68b540acfb99629291b2494ed70ed5868d3bb4ed92aa2969b9c4b3c87b5c,2026-02-28,massive,1000,1000,active
,200,fa85d85eada2e0bd8c76ec0b4f7dd11aed789c41f69760e0a4e34004b060ffbb,True,12,762d5020d485dcbd7c3d750062bb8a9ff6ce671e3e7504c6f66c2ce5e9554f8b,2026-02-28,massive,1000,1000,active
,200,,False,13,e0cc303c4b0bfa7c83e0bb86e92f209363a938ab9158f67d55712fc2051bef49,2026-02-28,massive,346,346,active
,200,16d11669045b37a655775ccabc7b097d023e8f57cfe4fcae89540585a3d34249,True,1,85526400250423aab2a06a5b70f900b4d27607e2e346b78c34c2bc36765f2cd2,2026-02-28,massive,1000,1000,inactive
,200,c1bd3d5237aed2470135b09d792f97223ea86a48cd45cbcfbbc49a29ba6bbe44,True,2,7611ed111b4d36713f16428575fe9c1b226e7abe117213332d3cf8768308a3e1,2026-02-28,massive,1000,1000,inactive
,200,4810d31eb316f7fc158239966de4622e9e20a91f271c37cedb601d04d604e173,True,3,7a3b4092ba493ce54d33e71890a80e6a5ff380a0c40301c1be58547b5d062db1,2026-02-28,massive,1000,1000,inactive
,200,76b7409fbb629d82efdb2a30833ca4425ee93bb74fcb545e7e5232c32191612d,True,4,33acc29265f60e10cb94431900e2bc9d243cd99d36083ec548d02d24e86fe3ad,2026-02-28,massive,1000,1000,inactive
,200,9e2e91472791df5afe0a41fcdb2a992c6a6068f3af094b5aa0fc3ecbaa9117d8,True,5,03a1c1becd4c1a1973cb9bb44a5521ced32bc7ba5288e4357782b295d4cd1f15,2026-02-28,massive,1000,1000,inactive
,200,2f0f2d012c28124a61939657aa990c6aef9ec4b349a0f1a54b25940545d48034,True,6,89d569282d318a845c110de2f03623ab44618574820e400acd8eb568729388ca,2026-02-28,massive,1000,1000,inactive
,200,df1528a0b3a10483f90ce83000dd3dac2c89a5f5abbcfc29a4004b723435519e,True,7,c6042c1a908fc72a0c32465f4895e0535a797671c770503eaf8a68a2caaaa99e,2026-02-28,massive,1000,1000,inactive
,200,7a783c3c72559f206d6d9bfe53d723c7d735e967da884e78b3d4702bbbf981b6,True,8,122e872bfad954b947103466f388590dffe68507f37cc087957e9a1a489b6222,2026-02-28,massive,1000,1000,inactive
,200,fda1ea9d68bb1ea527ecbf7ae5e4dab8ddcef48e2af052577932d58e3781a42a,True,9,f231c2b0d61f62ec6b1240fb02028c9ace7fc77ed192f85a0e45edb0bf7e394d,2026-02-28,massive,1000,1000,inactive
,200,e95d8fd5d9b69058597562d5a8c71ab2b96569d7420ec80e00252cfdea08a249,True,10,2169b79f8b51e6a7a99dab562cd3a3ee36d6249574d12e570d93ee058d215a62,2026-02-28,massive,1000,1000,inactive
,200,5c1fd6c09bdf6c17cbdf7be9fd2d7f4581677bd6138fd51fafb49904a92f5350,True,11,222c82d7a14e91201ce1b5e7f8e88a912e574ef270850a9313f103e58c8e43d4,2026-02-28,massive,1000,1000,inactive
,200,55cb7c2a5db21ce393848ae3ae3b4a69ee77ecc4938649fbfc13f558ddff2764,True,12,e9bf9ddcb95d1f38599ecdfe6f3715d341443a026ce18cc0708e6c5aa97a5d84,2026-02-28,massive,1000,1000,inactive
,200,9f8171c5393cd402febb67bb2e29642104ad56bc5661314beef7bfd7dc84a8c8,True,13,e98e8e7de08d7681a8832c595ff8219e5d235583c589e2588d31869248a1ceca,2026-02-28,massive,1000,1000,inactive
,200,0fd1162ad5972f7870160bbca869159d4ae6e09c0a4b22de915dda004cc04649,True,14,da4b9ab1a7239e34bf64df282e1da4a5e2dd9f1f7d6db25a50953470f450377c,2026-02-28,massive,1000,1000,inactive
,200,d08df3d1400ad26b0c5373b1f2cf4a6242c2c7b494754c3f84038dd1627c3fe4,True,15,96fa749f2d2fa7d120251f6773a31e70bd3a90b55a9ad73e0217d765b2368375,2026-02-28,massive,1000,1000,inactive
,200,3dc8fc0a42a5aa1d7a0baed90a4fc78e9fbd1583f7da5cded1b439033a2810d9,True,16,55173f5727648c4ed91b635d83156e8f71a804a650f15e26ef532e1b762f43b5,2026-02-28,massive,1000,1000,inactive
,200,9716b22737d529f3b08c4a7970ff79eb1637c41583339d3fe10805d987c9652a,True,17,2f0813cbfabef7527d989ae7d97f935aae69ca85a3a71b76becf809de7541a25,2026-02-28,massive,1000,1000,inactive
,200,48025162b14e2b7b9bea12693d92d7d38abba22df4433e11f1f500df76448ca3,True,18,355e095de648507a63753ef758957be6635d34479b6abb105f61b64c83d01886,2026-02-28,massive,1000,1000,inactive
,200,e2eeaef7a67e0bcf6cf519c726c92e1ee76040731ec3c2eb68ecf9074a4388e6,True,19,25e57fce89332505e9f2e8b32a91041541f2aa14a276c0bf31177450d84fee0f,2026-02-28,massive,1000,1000,inactive
,200,aae6cc5aa6d0acb2013ae6eda98b63c78554d453ae505b788c065eb91957007d,True,20,bf009f986066d159f9f36b30fc6f58d3ed054b672c79b1851d6fa7970b026ed4,2026-02-28,massive,1000,1000,inactive
,200,52c7e8fe5b5306e8b7ed35693877e273201466f785092dbc01499c14a7f0a299,True,21,600e9278d1df5806033a39fffc5ae8269f74e12cf2e00c4a9456a77278b4feb1,2026-02-28,massive,1000,1000,inactive
,200,ed35a49b66cfdf50a9e33ac3fbdcf35b10f99f5c15d77c74b7fd1e227a77428c,True,22,ac1fd72296e038c76129b3f7f847a78307e0095721dcbeb5d7d876e10c756281,2026-02-28,massive,1000,1000,inactive
,200,,False,23,948c458c0100a3dab3a6c287e77850f0f7aedf4a07c4d770183873637cec1180,2026-02-28,massive,859,859,inactive
,200,f29dfa83d9db64cb273e6122afdd548c81f2d4b5f6c089631d88c3c6fc508d7a,True,1,4c5654e5d4d9939e8dd8e0cf4da81b8e1afbffba2911c3ee178e721e7f6e92c0,2026-03-31,massive,1000,1000,active
,200,9aeedb417e52370f12c2553d43e72f903eb1654297d6ee6285a6e02ef8c6b455,True,2,08eca5876c8b16c9de2160810677707b754fa8b36d825add0e72e36ef6e6a586,2026-03-31,massive,1000,1000,active
,200,56ccae2ed4589bd65b257e77c570cbed503eda66411bbd0f65610dfefc53b7ba,True,3,94e71b40c50a530a2c783eac90d9c3a0819572f1e4127f5e507f6b7fc12dc759,2026-03-31,massive,1000,1000,active
,200,961c2452cbe3e538ece8fb20f6d7c1f51076217e89d37943a531cd3c4b35bf5c,True,4,45fce4c85bd486c2059a41651b9db009225af269dfc3821bed9a0802ab834328,2026-03-31,massive,1000,1000,active
,200,877ba59c1cbe488358bd5c7d81d2aa1624dc1459c585438f493ba12e81d6a354,True,5,7cafaed06dc572d83f4120bf58dfb2617bd167bf1ad0119c0405ff89654e3bc1,2026-03-31,massive,1000,1000,active
,200,2550847935ced9f74456c9809b465cf0c1778e16e81f29d335e99119af5302ad,True,6,5f0c8471b9739006d30260650edecb484d58124a90413e5d9e3456ace90df783,2026-03-31,massive,1000,1000,active
,200,8408145a1eee03741e7f08c7d9d088b589c950fa43b220e203caa0361d2c3c4f,True,7,dccc1a759c84fb01b6a15d12e98b37589f2a6146e98fc06307b8f80ebc31d183,2026-03-31,massive,1000,1000,active
,200,8483749f4f51c94e86fb686934c665535c1a2572ba480fa9129aeaa3b90d6d3d,True,8,6809c93c2b998a367c5cc65967439277de98ab47816b8024f9bfaff8c4005256,2026-03-31,massive,1000,1000,active
,200,7e282b35f705762a4c3b83225f02512971565d6b2b88af10e9dc8909dba8856f,True,9,162e99831ee65daf14f716bbb5eab3b55e9c98c15c11139555b78fbebf071231,2026-03-31,massive,1000,1000,active
,200,9c4584435694e69e0dfe520585d01a09eb91be1db4e55574dc315ad29a25446c,True,10,68ed44a38730567909dfa8965667a220c207518e2e04f760477267691748de22,2026-03-31,massive,1000,1000,active
,200,6832656d2c7c464a3315b6a6ca57735ecdb7a81e25e76722534970cb863cd115,True,11,5f1be087743ac061ede101c8d565c0b54ff8dcf82e9b17e072b8efd0497d40ff,2026-03-31,massive,1000,1000,active
,200,a473900afd69474f6df8ad3d63ab5ea664238cbd7385d7c69f459f6869fd150c,True,12,d949d921c879362f49c88ff4b931ad8aa966db99025e0100b8556847780b97e2,2026-03-31,massive,1000,1000,active
,200,,False,13,6aa6a09dc8b5c718daf071d45ca26881446bf15023cea4b50b6d590be84eca42,2026-03-31,massive,432,432,active
,200,80ff6b7dae93e9f129060d8d6d97475bc46a4c634b1bb85062fb08dd11da276f,True,1,ef92a89fa6ce2ec50ad758f02c3887890d8df331b77c68f9afde308dc7332cd0,2026-03-31,massive,1000,1000,inactive
,200,6ee35e958dc48ae4fa8b4fada8d5b1e730ca09415938ae8977bfcc7e840d5248,True,2,869bb25947cb9a24dc2a719a614231f9969a0823a863eac6f48bc1eac5fc4f6a,2026-03-31,massive,1000,1000,inactive
,200,fb23bb70e566465a36ee179865f3ed96b9e93711889aae34fcfe95ac34b3bb9e,True,3,f90984b3ea8ad66a7e7ca1d5ed92793b96ec53f06407760d2782e5399e639423,2026-03-31,massive,1000,1000,inactive
,200,f7821279fc972d1695d432d1799479ee8db6710910b0ba7e33159795546934a9,True,4,93eb55ac9dfab5bd31701fad7c8045a41e62543921122f238dd3227d192afac8,2026-03-31,massive,1000,1000,inactive
,200,89750bdfb36d0a2d545f151542d9d34f072587dbab001a09c531708d8a259150,True,5,7119ea45dba8aeace5383868d19cbaf364ce5bc448b9383b25f8390be06edba3,2026-03-31,massive,1000,1000,inactive
,200,758916d43e770b0482a197921e75d458b3594c7aaa810254e4c05c816d47acad,True,6,6633e9ff939ae0c648b773cb2f433d52c50b1b961b76ec0141c4091aae95c838,2026-03-31,massive,1000,1000,inactive
,200,027a398d3726b6389b2cccb91a289b35222cd6edbeb8fd28bc104b23d39c1068,True,7,6f5341d818eba76163dc67328f33ec50fbee359e5ea20d8ca3fd95c4605509b0,2026-03-31,massive,1000,1000,inactive
,200,0c3cac236e51f86b378e4794e314a04b7cac093c7267d91355544777e09bdcd7,True,8,0226f5e398b19afeef21528851633243c6b04db2bb7acc4ccf84896045d5af3c,2026-03-31,massive,1000,1000,inactive
,200,09d5879f5d5a97c1d719d9de7b4d8ebe632a6bb98d82ce2b62dc9deda4bbd53b,True,9,3ea605ffc395bdde096f1c6200ef08b823dac8f305eae4f5f2fdfe8b3e1cb8a6,2026-03-31,massive,1000,1000,inactive
,200,dc32adff77ca5b7cbf40f6a7e75dd6e5e74d9b7a747cad97bf9558a6372adc90,True,10,bf3033d395f27d46d29821e5e14220b595234fc647d28f51fc664448985a6f3a,2026-03-31,massive,1000,1000,inactive
,200,c26b95d4d1b729c9abffe6a53896c420acec8d4a1132925a17e98fab4fc054da,True,11,681d8ba01d8d442d48ee32486160572461c5164d80f5f9a1f75f55a34e88ac02,2026-03-31,massive,1000,1000,inactive
,200,264dee7946e01da30ee2dce350525cd53d39e550ec742d48e698a2de03fb4ad9,True,12,217dc40acba917ce63bb0ca1eb8d7b0440c1ecc784191a1faa9d384afb4dc995,2026-03-31,massive,1000,1000,inactive
,200,30a0080171a7407dea396bb6ccb782010716e7ae18c2ce6dc3d21b03dd514936,True,13,7eb99e8d9c66cb785a619471ab4d2df967d860cc702aa73f22796e9d60e42bcd,2026-03-31,massive,1000,1000,inactive
,200,7b03ab5087db94e5baaebb4cf3240a7c6795514b8f88f52fa363651ed6a0f012,True,14,43ffc0837759f1f44e379f37d281afd64bfa4036328a87e78df3f4adbb4b8d26,2026-03-31,massive,1000,1000,inactive
,200,31fbfd4ead6b1be7c8b8d54a5e306efac21184c5f9bbc99cc769660439221984,True,15,fb6d77b9b65b626a8fbed6f8a098435840cbc12701725aee6f939ee053f11a8d,2026-03-31,massive,1000,1000,inactive
,200,5dc812b97739b0691df2f223305414dc073ad4372308c072d9689ed4eb1f2e0a,True,16,e799c15c03ab4c1153ec0b69d9cb4ee51ab55cc6e16e95e83e9ff23e30438d20,2026-03-31,massive,1000,1000,inactive
,200,c8abff1d5e3490f59daf56eff8852a710919d5121a9a2ded76eb5ea2d65a9b2a,True,17,cce336d7f37824cddc97d846aecac316d68d0af32eef4c0d880fa6ed0a4b6c8a,2026-03-31,massive,1000,1000,inactive
,200,9a3c948428bc85c2af852f77e14355fc0665496f56de4a0016b301d8a5e19291,True,18,69217145d36f36a2693d064794cf42efc87358a37615d347612735faf693d72a,2026-03-31,massive,1000,1000,inactive
,200,5f293de7ce8ea1706c70b0995ed1918eed386730b6a8ba54740e7bb9f9e41a8f,True,19,8ed8c7db269bc388d7d4ee68f15255a34a8bfd2df9bfd9386f5ff22f09f62dfc,2026-03-31,massive,1000,1000,inactive
,200,b9dfcf6786c60c6377dcf0e6f5f49e45ac7da444876743bf70a04425b28f637c,True,20,4288e82e4441d751e69754f5be381afe8726ecd3f16224758d108b955663ad7c,2026-03-31,massive,1000,1000,inactive
,200,f39906931914513a5f07c33a4622cb2aaedfd5051af0c6ba2e8fa42e83494410,True,21,9b1e5eecc384a0b8489732cdd1c8c6f4ab04ed8700e01d8d69b838beec98c224,2026-03-31,massive,1000,1000,inactive
,200,0f8967cc951c6f0f1334c057e89924d99bf284cf7116fb573884e07738ee650e,True,22,84b2400d1ced66518361caff04044745e72e81ca118c2dd986e7e0f9b97a0c83,2026-03-31,massive,1000,1000,inactive
,200,,False,23,bd26cf76c213eee4d6eb7db89c4189e846334ca2c7a73619d89a31e74daf46f4,2026-03-31,massive,949,949,inactive
,200,51e7bccc5dee860df3adb8340a6ff40c73daab356c5db95a714e7ea4411ec4d2,True,1,186638fcbe2ec0e3aed6c4a41dd7a45a3c73c1b5a8d6f159c4f2be3b09d7b3b4,2026-04-30,massive,1000,1000,active
,200,1dc45aea80ea8f81726f753f0a86dce72b489cba8898eeee6d8d276fd77ae62a,True,2,be82213d517bcfde6d9cb1d6d0446f7df4cb52e96949f5f9db72593ba2293dff,2026-04-30,massive,1000,1000,active
,200,21d7b195454b8beec08b0fa33fe9e6ee806fab93f515059a15710fdf691ab3ad,True,3,b45eb6029bac50a8edc0dec7eafc4a64a9e29a61392498d7cf6e134f89a27cdb,2026-04-30,massive,1000,1000,active
,200,18d182d575d14489757ea1e630afc5df950d09a246924553e3ae2db64e28c815,True,4,9323612b5cb54ceedf340208c98ddaeab3ce32ca2a7e32c4255f3e2081bb42d0,2026-04-30,massive,1000,1000,active
,200,70c63a6832e069de6f205239ec668aceae12c20275692d9fc6a4e25b7823b731,True,5,8e8d3e7a4a3d5798840f1f1ff9d38fbaf9c21a8c3384d14246012231fd83a27f,2026-04-30,massive,1000,1000,active
,200,f54e3a579f2a20d06306cc09f4d1701096e2ed0aaab5363b5e60538c2a7789ba,True,6,e4c2c12808c223894501037ff79dd2d0d406aa573ad408deb393d86c64c50ffb,2026-04-30,massive,1000,1000,active
,200,decbdf8d9704cdb727fcd23620e1f04ea60fd473421d868a9f26fd35326eff5a,True,7,f60cb6fd197c524027931f727a208a82dafd96ba0adb6c19877cfd422d69a3b4,2026-04-30,massive,1000,1000,active
,200,78e010b9909b170d2b8b143f9eab3313253ad8e001744f5596d40cc59832161b,True,8,7b125623d281f58683961126d8664d4606afaeb1a3fde7584677aa6446dec91f,2026-04-30,massive,1000,1000,active
,200,c6783ba5c648e00933567240c3998a30e60d2251d3f45f8e4ef4d557a3b9207f,True,9,386de13f95c13510516ee371e1dcaeade1a2ca93b57419fb7452b7d63aab6623,2026-04-30,massive,1000,1000,active
,200,955b344c9d3bd482f1b9c25e6503d16ee91cf6ebd5589fcb821cd37f193c5f6d,True,10,d7a7e7d21830161e0a2a965644ef98495b9814d8f7ab6664c2602a4db7963ba5,2026-04-30,massive,1000,1000,active
,200,d735bc6901f94610c1c032f183ef979fb51987f105ed16f7392fdcc41b15deaf,True,11,3a2b8c794234e65ad3ff0282dd0daf79a4487639a57ba9513cec169e7034e38f,2026-04-30,massive,1000,1000,active
,200,9db233c3509e9999cad2df9bc66cde34acdcbd7634045730087e32bcb699b9ac,True,12,f6b722a9c3a77e0d37f55d4f6aa2fd05e403e68a4b54887704bee075ed8aacb4,2026-04-30,massive,1000,1000,active
,200,,False,13,8bb1ca67043f3df2c2f6a3131fca2e169ea99b121402ff3e3d2fb70ef241dae1,2026-04-30,massive,520,520,active
,200,29e70ed7855319d7d525928e43fa746b4800ef1306b7a5e39d9018882e35f70a,True,1,cb5828307dadc3d00cf68c612a491cc638531efa62e61649eb5f9b6fcf41f7b0,2026-04-30,massive,1000,1000,inactive
,200,01f6d4f42fdc7d9d0f4ded88c2ac15d91c28db763e1267f2a716b5c8dfc04c47,True,2,73128de594b7ae6d8e73498cf511d47516d2f960a83672de8669218ae1a05952,2026-04-30,massive,1000,1000,inactive
,200,8c9b9d4351dd0232d79199cf04133dd10d9418ae6456cfc7b280390261f2c83d,True,3,ae1becb2f0e9be7c1c886c0caedfe5a752f3dcccc388880d19c27efca15a8ec9,2026-04-30,massive,1000,1000,inactive
,200,158ec25c49e90a8fda76d8008807b2c17a569164097818fda76ba64578816342,True,4,5a37b6d12615e82196b4addea646ff041f2465ac309b7fbc30b1407c327022a4,2026-04-30,massive,1000,1000,inactive
,200,2e9cea8c55762768cf90ae12291d98b10533f92dc0e5c13a546eafedd86ca415,True,5,a36796d794fda0cac5a8753c200eac513ca525fad860b79c0d1f20c3255f96ff,2026-04-30,massive,1000,1000,inactive
,200,a59e00b6ee233cac287c9635a29e7ceca872313fa5e9bdebdeeebf23ca429ccd,True,6,5aafeb0fdf1cb687aa26ea1ca4aecff78fde01bfcb61805a7f79510ae4964d12,2026-04-30,massive,1000,1000,inactive
,200,6ef30a9045f7943f468cc488d8b1af68e3ab448242df0ffc0fc24e52208e1c25,True,7,73d0b5529f9425b784b238867df74628f8908ff7822f19c54b4c929f836f0d6c,2026-04-30,massive,1000,1000,inactive
,200,1864e4366b07e301fc6f5409b06ff532442e70bffe11389b61769d56b922b0ff,True,8,78c90d528c3b07732fdaf337e4a9905271888ef6c537ed4cc4e3a4fda275ffb3,2026-04-30,massive,1000,1000,inactive
,200,e67513fcb6a2ab0fb60537f910c10c88dfed6f32c18ff364d41b05e3d612a68e,True,9,f05cd74ba03a202f44af14d8cf67ad8644a518f1cfcbb1b06230b7daa691cf08,2026-04-30,massive,1000,1000,inactive
,200,45c625a80c157cffd27362e9309d17839a447d6f0feceb5890800ebba0681a30,True,10,d3cac33b7d8d8b2f5c813d0a6b6507e426f2c13f6ac523fd11d6bb24a05f5ffa,2026-04-30,massive,1000,1000,inactive
,200,ebc79c15c4741778f57079e77fc6b0faf7c9091ac77452caad4651650156b23e,True,11,86b52890358515d124b9ed30abd20a9669495e7f60d31360acd835fb528b3cd1,2026-04-30,massive,1000,1000,inactive
,200,7eaee8d7e5ada5a66317cdea3e541e41a2396548716f8f2ef5d9a09debe0f0a3,True,12,a764a1ddbe182a2ef00dfa43dc732a76fdfa771534e68614735201ec415c2f67,2026-04-30,massive,1000,1000,inactive
,200,5426334fc82e42a2fe2fbedd41a18606de28c9e69c4107c97390ed0e0c0b86b4,True,13,38dbdfe9c7088eee78919a6f10149328b7bb0715df1ccb9b84e81894bff9e9ef,2026-04-30,massive,1000,1000,inactive
,200,01da17a1c7dc7cea63cc517f8ed8c2b35051bff5e25b0f8812cb7e4a6d256f57,True,14,cfd22a4f22d8ed0733f4a43e1dc0aa4a68a66808018ae48b8c8d87b73f8420e2,2026-04-30,massive,1000,1000,inactive
,200,fab4533c15800cbc46005c22ca49b203fb4ec6ef194362c442a57c8410eb6e13,True,15,c59bfa385f4e461f4cfdb5a371ec781f2eac112122f99de818dcf7c5b809eb2e,2026-04-30,massive,1000,1000,inactive
,200,5fb277e727fe7fafd54401a4b30302ba493fdcc2ede19c8d08ef4353176c68a7,True,16,46a741a069cd646df6afeec61e9560835923cc7484d68c9daae89f9ee92ee9fe,2026-04-30,massive,1000,1000,inactive
,200,72c6f091f5ffc9868a745f8069bb13c0da63b6d15a6a111329b3bfb69de21f31,True,17,c865813197dbe82d15723d0eaf9d4fa017a3e594184a5fa346e55764eac230c4,2026-04-30,massive,1000,1000,inactive
,200,0b079a76f1f3e457a3fe0ce4c986dc2c3839b375c85652c4544be66c9df0a081,True,18,deae2bf3dd64df8684a4e1bdf77abdae0f68f0273bd57e0eb01c855de753698c,2026-04-30,massive,1000,1000,inactive
,200,cf52405e12cabad3d17d95f72d435dfb7b38fc9be6f8f205017d42fe96514c36,True,19,35886fa991688da19e3522d778eb89a40939ee3c914e5c9dd30812a36349c4b0,2026-04-30,massive,1000,1000,inactive
,200,54c906b4fc4d233496a0d783dc8679e06df3ce4c45d360a0ec374ef14a98265a,True,20,ebb76eee4342169e47f5e21518b9152cf7258cad7f389c0abe6c36d3a1c0b6a4,2026-04-30,massive,1000,1000,inactive
,200,637cab2eba6089d4c838b54181dbf931cd6b5ee1436d130488173a344dfab392,True,21,342c2cc657654beb5fcd53726e65019dce5f4ec327e6e3bede28c4898237e3d1,2026-04-30,massive,1000,1000,inactive
,200,2cef27ba90f2669241d0e4b9a4d12d7ecbf73aab43a75d3f1f5202ca00940853,True,22,225470a7f428be968effd3eb4e7ca4289634422ab2dafb8095f80014c5955e00,2026-04-30,massive,1000,1000,inactive
,200,50a3fcbad657d60b6935b17145067333307d724fad50fd0a75dfd4fe1833a002,True,23,969e5d37a18b22b1366dd4796098aacf42305d6b8df2afe1803de90a9b01400a,2026-04-30,massive,1000,1000,inactive
,200,,False,24,628d298ad8c3291022a11c739425f661be31a2808329794607d15cff080db03d,2026-04-30,massive,47,47,inactive
,200,b2b605f990b7c3a4b2e3c0fee36ddf90dff5e7480d917ff9726790107dcc9ee0,True,1,2a89f8dd622006d0703c87522bd252586b1e00b434416a0eee164ae3dc3a92e8,2026-05-31,massive,1000,1000,active
,200,ff7f3aeb3561ded86e8c09eedb766383b00d841c68e9661f5e5b3bbebe8ac135,True,2,6e50cd88e97445808e29efa0e7fa86a452171e849ed707bafc5c2f04a4411d46,2026-05-31,massive,1000,1000,active
,200,514d40db43dabfb91893fd08426a4b12db623923053cfb09926e52a83a38d0be,True,3,d2697afe2c12f7b8338e7bcc8e33b1377b5c3b8ece16f0d816050562e395e618,2026-05-31,massive,1000,1000,active
,200,280c2ec536b3998256cf96ef12e45b6d8a250ce904c533a50fb21aef391032df,True,4,4c23b7dd79b95d8214d31e8af1ddf670586f3006b3f3121ce42442ef09fe5ac9,2026-05-31,massive,1000,1000,active
,200,e598fbac6488e3b296719964e40705ecf47629d2e31230d1e92796fa09338241,True,5,5ecb14bbb859986651e95c9d6608fefe262fb366bcea11f5795ab89ddfa6ed19,2026-05-31,massive,1000,1000,active
,200,7b1c226bead6cf8318fe6fd3901a17493e1e6230527d5575c9734897845885c6,True,6,059d141a84d917fa97ce0bd4beedea276d4cfd5f7168ef58440a99bb9371cccb,2026-05-31,massive,1000,1000,active
,200,3a142bf8ccf146bf7db6afa7f40f7dec0a7b4f4166ee3092383b0aeda087b1fa,True,7,8175f731696cbb448702a567d17892a8b9e32d68c7b42c33810002b97d3008b1,2026-05-31,massive,1000,1000,active
,200,b4b2adba18aff4088aecc64715fc112f9e6640b1272f0a93b9337f47328dd48f,True,8,9af814202714f7c43725913b36a9184f78024be9277a9818458bfc9165b428d5,2026-05-31,massive,1000,1000,active
,200,654f4b86cc834bb459a9766db13d8a5566ed7ad91590c5dfc682509e8270e6c9,True,9,a3062b078732c8faffde8b78b6b8a8ca50b9bd7884ebed9d285c1e61a279b2c6,2026-05-31,massive,1000,1000,active
,200,e35497253e29c4df675a4eac04a2ae3c28c0b8305746b664d6ab0c9cbb1eb1e2,True,10,046ef9e825f590bfbfddd6da9ac0539e2956c52b88b5e0f7f7af04e36b384b02,2026-05-31,massive,1000,1000,active
,200,265032f52fa8a0e3216f4c9f1a2677ff8a58e4ed70b72cc4f9e3b7de5319d0fb,True,11,259c662cb30537b43a7ac78ad7acdfe589a06a6ba74fde49cddbf4af1ea7b65a,2026-05-31,massive,1000,1000,active
,200,4b4c082e56d13b2653842c5e8a002447b6b41158a5e18443ce0664964f6bd768,True,12,31c0e760bf306f9d9de2e099e0f0a7042c1d4c6b8d3be920e717d0ea719d8f0c,2026-05-31,massive,1000,1000,active
,200,,False,13,379c244605528af23e038c34618d28c76f4fbc6edfcacb1614f1f5e67daf2b3e,2026-05-31,massive,675,675,active
,200,22382dcaa18dc2e47dcb7243368faa3c99eb7f476076cf337e8b8517fcefa63a,True,1,fb4e1022ad8cbadfeb4c1b2d36322408a110c33e6766e96c1e5abc798ff29dc8,2026-05-31,massive,1000,1000,inactive
,200,435144c486bd98fb613c2f55f45365f06f3381f52131531cd62eee220cea2854,True,2,8404cb6c01512873b6dc865d9d3ba927912da748cfb9b3dd5c6dcd9453ae1fe7,2026-05-31,massive,1000,1000,inactive
,200,836928e84d55d630a4a71d5554cc6def8c617e993b5f847f85517176d551d78e,True,3,cf748b05301f7bc7b8499a59698bbbd7d60ad2cb04ddd7274834b2a8aa0ecb26,2026-05-31,massive,1000,1000,inactive
,200,f0953049f6fdfe9fa39ed4b63fc15afd42360a1141989eeece7ab21f5fa7d269,True,4,921e3c69afbf9b8eda7eee8c08df1ad7c3be013b9c894e144aa082492011932b,2026-05-31,massive,1000,1000,inactive
,200,4f517254c91a929e6c3a4a839b3a38449f10be60e0b29417c79d734ed1373def,True,5,e2ffe8a60d558222355460481df53e428b1f031a5b723f0c3c90bac2cb4230c2,2026-05-31,massive,1000,1000,inactive
,200,2cf82a84e788e26e7177ce77bbcf59fefc336964e0ba0917f1ccf1a09dbb37bb,True,6,aad37a8696e988844ef2125e479c5e3a61e4eabd09ff16587e54afbc1d62c0b3,2026-05-31,massive,1000,1000,inactive
,200,74d22db5eac17380d416278a85b8eb3cfbf5edbe87c74a72808dd962bbd8c282,True,7,8c7dc6893a7547fd3abe68beee4171210eecd106ee30cd496aa33d581257775d,2026-05-31,massive,1000,1000,inactive
,200,63e7289b559ffcfab9dec464392d041956592bf11c0f98328858e05637ee434f,True,8,ac5dfb1193fe6a730093bc5f3482918174144f8e39088854ba386e0f2e098534,2026-05-31,massive,1000,1000,inactive
,200,52699824738ccb78c6d0c0f4cb527d8ccab407fe4d80c0cdbe4c14d647e30852,True,9,5621195759ea6db20766a17379a89bf242eb003a26763fd2e5b26b11aaf32b65,2026-05-31,massive,1000,1000,inactive
,200,afbe109351e481e27181776b4936f10613f8cdcc4d4ff6cb429651fce4dff1fb,True,10,b3fc2834d79cc67c932454db2644f81514ffd7ee1acecaa2628c97663948be10,2026-05-31,massive,1000,1000,inactive
,200,5fbafb31c7efb4ce3d16b57c23ea79dc0d2af1386081e3da664f634c48445c4e,True,11,6c5fae95582c5ba82081b4db415f0e4fed8c3f88447e7cbbc9e1beedc072ed9e,2026-05-31,massive,1000,1000,inactive
,200,11533ec54da1540ba2838ef35eb89bef7e6614f47e340709462cd29d1d5e638b,True,12,0f1c94210a66a3c03f3e6811c9fb45b9771eaa74bd3158d49246b7433c35925e,2026-05-31,massive,1000,1000,inactive
,200,b800819f62592429fa4b1eba9fbeba12f62cca8cb53f6355c683f1189b894bd3,True,13,8cf50c4f0a501cb6bce4a8743d29d606ac375ee173e020e4e0391f0a42fec6d3,2026-05-31,massive,1000,1000,inactive
,200,686c7433a22f4fc223a1786dcb49d271a54b5c6760977e291a8ed5418660b113,True,14,8d0d426beb8c003ae2fe4120284fd677da8a1286eacb243a53a49775cca09182,2026-05-31,massive,1000,1000,inactive
,200,3da9abc08f49bc5d1f33c296255f1b4e1b2bb71865cc2a2b5227682bfd9a2a37,True,15,0d9d652cd1d36dbccec4cb4e6509e6ab366dc74e4aee1368c157da7f6ea1ec13,2026-05-31,massive,1000,1000,inactive
,200,536c7c4328fd4adcea6f24c55a50ca5fe6242f63212ef1ed139a5596cda18600,True,16,25cb1f4fada6c09c3c8980a59907acaff29ffa6dc59732cdb043286cc2275105,2026-05-31,massive,1000,1000,inactive
,200,a8edbf28dbcab1728851bd4404a77d96398358d9d3e0acfa49868b6fb5433d2d,True,17,9980cba2a82dc125db6ace3fdb57238ae426d48d7602e965daff0cd2f6128d6e,2026-05-31,massive,1000,1000,inactive
,200,5d88f70d8b183cf973c6208fe7cb276c2e51dc31038dfbe3444baa3b71c392fd,True,18,e1b937acb9a772baaa004f607a0df7a138bc3d7488eb7dbe17e63513d68b2655,2026-05-31,massive,1000,1000,inactive
,200,15489bfc17d255d369f156fe072c83bf98e561b2aac60eb3b045fc981ff9ec01,True,19,7c377d20c4da1708a36f5d090dba916d50cd6f382de0868c11bdb6e9ddd4396d,2026-05-31,massive,1000,1000,inactive
,200,caea53e9a5abdca5aa90d5ce0832def5762024593a6506baa55bcff0c2f429f6,True,20,b98825405f1a3200bb73c22ba560dc5a762b8655dc12129c85bb658d96c49a47,2026-05-31,massive,1000,1000,inactive
,200,335ad604e5ddc1cc33c995dd45591b64fd9aae0674d2e7419cb444f05067e0e7,True,21,fb62201134f9d6cfb3f2d0f726b093602f1cbe78452401d2eaa324aece6919ff,2026-05-31,massive,1000,1000,inactive
,200,a67ee096a1cf73b1f153d7a1c68b908bba33393eba8b6a8402d852b131039db4,True,22,86d9ab86371216fe0ee1d714aae67eb9c90d53a0a886f8e7fed66184a509536e,2026-05-31,massive,1000,1000,inactive
,200,c0ac0e7a9b07a43d6dcb66296cc6711c32ae9ead354f850ae1d4cc4be0c7a363,True,23,ed991888676c767b5cb5b28c2d16491e53d7cc60bc04442b01f6196edb7a614e,2026-05-31,massive,1000,1000,inactive
,200,,False,24,a5a186e0b0417ce890e0b390355341b5aeb943f58883c6cab153d3645e343bda,2026-05-31,massive,113,113,inactive
,200,928e60ac283c89834bc6041938609d0ce2aa6b8d4ed353ee5f904080ee3d1ce3,True,1,9b232a3c3570c92356e310ba3cce965ef5b573101107b3728e438925dc69ee62,2026-06-30,massive,1000,1000,active
,200,b0cbb3fb9fdd12f4dfc522a394277ddc6e79bac043aa361682aa4bf852626287,True,2,e8d72df93f7e60f1d1cf3e7d2b7b14750fdd775a63aa4b412c5b119108723529,2026-06-30,massive,1000,1000,active
,200,00da76ab907c2fe61c91784385bd57aea8bd16c35c2c8305cc2c57d23c69f738,True,3,084e2fc09a71668f48c810bc369af235ce24016f30044ff62fdce7d0d6dcdd7d,2026-06-30,massive,1000,1000,active
,200,bff615f2b4f768c70892a966a10fc1075ec6dda6601c23ae6113d411a952b8fc,True,4,e3e52be40c12ec2cdbec9fa19e5ebfd6242d5173d6ce0bd101ed424b24b19698,2026-06-30,massive,1000,1000,active
,200,cde871f80c376eae5da9b2426965f7c5c22ba7c682bf816a9f5580d4fc5f3077,True,5,7fe4f99f1e930927dea2084c84e576d0da5e26c63e6e0a8c104ea83239ce5a61,2026-06-30,massive,1000,1000,active
,200,a9d77b1dcce00681cccc4f88ec55fa48a52dce56ed035435053677b33f2aa5ee,True,6,8a6dc0b782179ed9065c6df6c3fd4d2c8d8f99c0b6c0a24aa4a62c4165f78849,2026-06-30,massive,1000,1000,active
,200,7349a1c07bf34e0bb8a84e078bc2bad3444c322049e8b4b47740e607992bdcb8,True,7,de538d8d04796ffb1e70696c09d95385757d5b2fd12b46bf96c956ade6779c88,2026-06-30,massive,1000,1000,active
,200,949adde61a1a66e6ce9b99dc758fab644fd03f4722fd299de8d236155dbb3e1e,True,8,e992ec1696aa110e36f6f56d037f3b0216a25409da0aad75f1c5892d36a284d8,2026-06-30,massive,1000,1000,active
,200,dc1c1e67725cf8937c615d7d31bc11a3456572dbe95af0780b9350b86fe1536c,True,9,6f9f7ff48501e7f8274820d18d78d6ae0542088f2e086ba8feaffbeaa1ce573a,2026-06-30,massive,1000,1000,active
,200,a930c39196d86dcf4bfe3709aff2bf78b31dc312278b322797a1b77809a153c3,True,10,290dc830b02ca6914fc215b9d1e7f990b13fd7784d718941cde0fb48aa1d79e8,2026-06-30,massive,1000,1000,active
,200,a9b1810b34781a587cfdcad2e3333e1dab812438f7d340ce329246b9ada02fdf,True,11,98873316724293bf9d09202d97988dfe18ac118ecea5ef9a6b48cc1752a157f7,2026-06-30,massive,1000,1000,active
,200,9046a4b4ae33f89ecefe596ba5b6a7f9eed1fe9fc6c8d6e03cd748ef97334706,True,12,9b6047f132050183eacc1186b1ec4fe15f33d7782e5eae998c913a52f16a4c23,2026-06-30,massive,1000,1000,active
,200,,False,13,1a8878b52085e4eee28b3c29315d81a05fb834b3cf19fd0606b1b659c890d24f,2026-06-30,massive,902,902,active
,200,bb2758be6411f14a9a3608ef242ab5d8978984445aaa92ea35d4e00e2bf41684,True,1,1f1d430047812029de716e4e81198b39b9ffa2722319be82de9224762dc5149e,2026-06-30,massive,1000,1000,inactive
,200,73846a3ac777ed5682d0b4d5edf9dc8368f5b9e49ee4dfd2513eb2c2450581b9,True,2,3762b35e01c38bb7364ab67ca959981a5628396b4343f1bfb8124c20530038ec,2026-06-30,massive,1000,1000,inactive
,200,246690a29b6483749cd7460b0ece57b5af0266fd9b13f1614b494ee9f8f1e957,True,3,714c09f3b14f112794f3e7c6629ea8754a65f0c3db893365d9748f79fab8f127,2026-06-30,massive,1000,1000,inactive
,200,f809dbe3c8ca6cf7a38bd990906fd6437937585bc1da6f4650f88797c3cb08ce,True,4,9e9fc2e3048a0e78964e3c0ef866ebb6772759da426d030ad076d0f36727453a,2026-06-30,massive,1000,1000,inactive
,200,d5c6cf022a7a639a84f28784b507c0079b24b0cca19fb189d6ffe86e2d366b23,True,5,5d186554fc48ff7a879cad31ae7e1466e8a19c4caa3b09abcb38ce80253977fb,2026-06-30,massive,1000,1000,inactive
,200,2560b7bbb0a22c9351f3af09165d6a31cedc45fdfc7e1766e99ab93a1a99895f,True,6,3945e3e5eac61616954bb0d78957187dffe3d3e8b344c2f863e1022ccb3e49a3,2026-06-30,massive,1000,1000,inactive
,200,7b4141662a4aeb01d825605b6cf427166f2530b860beb4e74157bc1732d37a36,True,7,c995d6fc775fcc416fda2866a0e0ea3397ed7d8f376bc804389621b4d7fe1e35,2026-06-30,massive,1000,1000,inactive
,200,119cadbb7bc369c409ec31583634dc85563aa87dee8fe3788c768b4912372fe3,True,8,3f141e5bbc9885d2e689d191167d84772140b14acd3f47e1eedf0e047f514cd6,2026-06-30,massive,1000,1000,inactive
,200,08bd0d75c9562ee2d46e1a6543f59d887b0d597c1047f198e9e74f9f4e295170,True,9,da1f4f6138657d1e03019c2d7faf6daf90a9cfb5f4f7d35f4fb0526576cd50f3,2026-06-30,massive,1000,1000,inactive
,200,f0b47d66d12c54807e97d8a075c1c4dffd519b890d8ea5acb40b2cce7ccdc2c6,True,10,eb93fda4153f44cf4a3434397ab97600a81f3384a3f41ba39b0c297c444a81d7,2026-06-30,massive,1000,1000,inactive
,200,aeca9f460ec481d0fa0a091ee92ae6a20569baca7eac27aaef3a1c43ec33dfe2,True,11,8c269759f3a566223004d88ad4828b34cc963f017ed029eda07a9609a25f3abb,2026-06-30,massive,1000,1000,inactive
,200,2ecc0ee0fd6948557cf5d2564d3b849445e053477c8129c361717b53314afa3f,True,12,514afd6d1e7175c9c40fe48c59d0e81635324b515e126eabbfbf17638ceb80da,2026-06-30,massive,1000,1000,inactive
,200,7b17109a30abe66b14e9858ff07d71f78ce85b69dd68f2f0d758dfcb8b5e80ec,True,13,b8970eab55c4737fdc74c8899a89e517e6edb5974f0f6c187344f806d193debc,2026-06-30,massive,1000,1000,inactive
,200,28b13dcdf681e97c7856ee3d6cff2c012ce033fe156cbe57bcb43b01ff1d4fa7,True,14,595af16b79f6b5b2ba4ca7124984a949a962909f30371e97a75ee0ccca73c017,2026-06-30,massive,1000,1000,inactive
,200,d23e98a4a096a24065a53d77d130783f5c3f997420c9acd08906f5b2229a5a21,True,15,5535cf41cec52d1ee675a254c274f958aa0b06b5bba2f3d8cef1f3f615325ec1,2026-06-30,massive,1000,1000,inactive
,200,92fe738302579f49bd898a21a382cfc333564ef0770d807bcb690e5701638241,True,16,105dc64a0036ec9e4c5d3b5d96f93217d474c04e8e576128b716a06e43d9624a,2026-06-30,massive,1000,1000,inactive
,200,a2778706f964f35e7821a3d7c37f760fd64c1be3e3cbb1219b661846dfd9277f,True,17,8967577d413e19038eeb3319a52d24f4969f2ae0f83b45ff243b59144279631e,2026-06-30,massive,1000,1000,inactive
,200,7e9427b5b742500b8155dbe09c6126b658fe8ca6ec02b9261c8545f6b8284993,True,18,f54faa3afcd6b65ae89842a43737aa0eeef53ef0b2eb48de097542f622c0863b,2026-06-30,massive,1000,1000,inactive
,200,19f95b37a215613d4e8298fce48bb81be8af08acf1c161de55573efacf434360,True,19,329ad96a05be8ce5e4a06ec3fba9e3646b5bb8a319297c20a0c553af227bb307,2026-06-30,massive,1000,1000,inactive
,200,0eaeafcdec6607cb6c95546988a734310f4dedc2964338e1fe61e0a78d82f88a,True,20,cbfd83d527f49841713e02e13b5f9df1bc4077fea949d2e199c5d8af42655ba9,2026-06-30,massive,1000,1000,inactive
,200,7317813c975fd7184891e392e07f4665c48fbf8cd296a42452e061b4ac330edc,True,21,21173e4481b7993da5c0e9cbe64c8587cf042e29537b6ceea1233f6842769494,2026-06-30,massive,1000,1000,inactive
,200,bbf186ed5eb918a907ed986f4f6462df8c56d197f4c3596a9f2abbb4ada09d84,True,22,52f802c4570310449e7ffaa7541e9087f8c3f360f7c383bbe9ced2c4870884d3,2026-06-30,massive,1000,1000,inactive
,200,ae8fe69b655527540d03b19a4afb648f7b4b1d2aa81555583c6f20be1faaeb42,True,23,d4ec7202bf6705f33733f062dfe6cc5f11023a0aa65069723f1ec337c2503f4c,2026-06-30,massive,1000,1000,inactive
,200,,False,24,cf9d47e1d52fdcc2bc67f910a62082ca41efac72967be9bdc678745978053c64,2026-06-30,massive,205,205,inactive
,200,26e9ef12fb70a4767de7d5993e214d28f3964d0259925caea1018eb8d535b2be,True,1,fcaee17d568bb5bc8bffe344f3f513b03bbb969b9ee7caa120552451c3661a55,2026-07-31,massive,1000,1000,active
,200,180a57afcd49e883ad22ce380346e559b04ec840029852fa806c627a0318279f,True,2,342cabe19932a90167007c13edf26406a3b1f9c4cb1031680237ff6868ff6f20,2026-07-31,massive,1000,1000,active
,200,dd79472870e594561bb15428afe937a065a643cce2c8d282f8564184c53fb088,True,3,80b0b231a0a0abb4b32faffa9f67369efae4392a5561248565575567f193c765,2026-07-31,massive,1000,1000,active
,200,5e199974cb5b9ec48134c5cb7e7f7a575412b895f2384e36cbb25d6ce20f0a8d,True,4,13a5167e163c231c84c5c8447f988a4f1c369c8b8623b815811a0f6c4fa4f941,2026-07-31,massive,1000,1000,active
,200,42df611a40be72ff8b00d9002c24e32bf87928790c3070513dc769629cbcdf9d,True,5,11341c39407138a19fba9eae1e5e82486fb1153b90bb032b765890e304239fe5,2026-07-31,massive,1000,1000,active
,200,f7b7c10b3609f8d52512cbad1611c0858c15b2c4d9227a2692c729368f1d0e22,True,6,4a116d4f288ee831da1ee4628f4c7bf67e498c7d0f670b42356163c59ea5de6a,2026-07-31,massive,1000,1000,active
,200,a31c3a90e1e3794fb24477b4f1c9f9f6cc5adc1eb26e9c2bbacf4972d996fe6d,True,7,8e137d6b3417272984a4f13b4dc6f13795f9fbf50aba0c47c7d6d48a2cbde62e,2026-07-31,massive,1000,1000,active
,200,982f02c8805b04000e06d8e612babfe01c0ef54a054b50943e762163404d10ca,True,8,761aee8a868be96ad9efbc28e3522f74fce21ee3e4b6650eda10e39b775b0641,2026-07-31,massive,1000,1000,active
,200,0c0e3c7359a35d5e5ef2d1fa8d827ff3a4101ebb7b31d10aaf018543d951f3a9,True,9,69b348fa3821bb471053c01b09150a0da6f54e4e7481f3ce4a1c4478e3be8839,2026-07-31,massive,1000,1000,active
,200,3d20c1c07acfc1ea8a763c3badf1370e4cc659947b77cdee85927f948c1b21d1,True,10,0557806ba5e4ba05290c38b6d8619ef46400c59135d433d0512c4e00324c84fc,2026-07-31,massive,1000,1000,active
,200,9b5b559d845fc294b7ed46730d9c315fc052b4ac225d6e1f72e92b730073f0ac,True,11,0be34a8f374c1f183d96c1485f42ba7ebeaa74c47dea06361caa3db0239efe16,2026-07-31,massive,1000,1000,active
,200,7d8db204a583d2119c7ac177fa4653a0307d7bd17fdf4176568826fd885b2bf7,True,12,bd8d63ac70ebb64935332334d83b2f2b90c6b8fc168da139955147592f10ff26,2026-07-31,massive,1000,1000,active
,200,edf080362b52d196b5a5500f23a0c0025e05e9298de4c246ca645184a074f623,True,13,f6be39e42f76040b8cee46cff20316ded482e0be49281bc865c74d076f2ece62,2026-07-31,massive,1000,1000,active
,200,,False,14,21e84713cdb971cc6bf9e375e772512cda34c32a008c7ddc91a3b38bf38b2ce5,2026-07-31,massive,48,48,active
,200,406094df75e9ac8000d24e552e6db6f6fc7f230d97ae2b62ae5ebfad25de8e61,True,1,72d0b08e013157d32ecbc333bad6cc6b61726ea1564395bd6f90949e262a4666,2026-07-31,massive,1000,1000,inactive
,200,75adf5a26f0195545119b1af52cb292f4a56b5b5a0198ed9e8f3c270f349ec69,True,2,0645479fe0bdd1ceff862cb4e17a0980618fae2ea68c215222cc754cac69c6c3,2026-07-31,massive,1000,1000,inactive
,200,e1b2775ae92d008581699129d4723d9b04ad7b33cc577546129bc778995f95d5,True,3,5dc5007931fc3ea27f118653c28770ad66da7e5a4d0ab8071c8004551cb7a2a3,2026-07-31,massive,1000,1000,inactive
,200,032ad78f7991074a7d2717d8cadcc3d173a1c04366b6f531fba7c351f02b3f46,True,4,6b4b7a0ab5eb3914c117e3552696697a215c0da3f36c2d28b1cba4efbb9ddcf3,2026-07-31,massive,1000,1000,inactive
,200,0bd9a2e3ebe4f0c8891e6392ef0630c0491794bd72b560821ea6740ba5078463,True,5,c5e2a923ad663f498ea52d52413ed4404fbab4e21e67cd3793a4b77f87645856,2026-07-31,massive,1000,1000,inactive
,200,c53d132086b60c5737a0b1993f60a28526a3c3810e82b123f21a045351c3e1bb,True,6,b60262db9418e0c11b31d1d27854f96bf75ec4f6c141e55d7f450708ba5640c2,2026-07-31,massive,1000,1000,inactive
,200,54a08ec7484c029d2766fc03b778782d740c8a891514528bd8091ccdfbc1577a,True,7,70af95b2f194bf4ef9266d35f9eefb16ffcadc15b7ff405ca81fddcf2692ad54,2026-07-31,massive,1000,1000,inactive
,200,2c03b06c03d081980ab0e1c76453aac6ebf23f3e3d605e7e616a583a25342d58,True,8,747f9d7feb2c0e0388d3baca8110c1e5b7d293295e916b60ab623a6e7057bef0,2026-07-31,massive,1000,1000,inactive
,200,dc7c260a3b58293ab8533c50d11285551b76484d6820ac90c6394b98e7181278,True,9,dd13ee8a0a5d77e84593daca691d31495cdc28d2ada852d11a4daf23024f4105,2026-07-31,massive,1000,1000,inactive
,200,d50b5a0ea4d87462d01d75530332a36a476337c70e679682aa097628f4c4613d,True,10,54319058e2a4330c8e88237a4645b38b5e65a64ecdcdcf0bc8d70674f6366677,2026-07-31,massive,1000,1000,inactive
,200,5c8e49227213603337342711eff7d85c5c9737429b2fdc8299fd9a9b51f603f6,True,11,ef513b64f0b8eb834e661e2f068194fa5ce1d9269f64ab4f1b8a4f1a3b129943,2026-07-31,massive,1000,1000,inactive
,200,92ac961329f6a0313b6cd0366f36050c843f1694eb9162d6b1df34bca7239fc0,True,12,1218a5dc3ff09488bffdeeea415452389d03297ebab095dc38106236102b5e31,2026-07-31,massive,1000,1000,inactive
,200,5d907c69f971a87b518b1ac4aad4d703fe84c18c88d997ba2f7f1a8d9dd15aa4,True,13,388b7094eee3eca879b9f5f06c7da24639c6020685845a9d8b423cd84cd3ed03,2026-07-31,massive,1000,1000,inactive
,200,4f079500e9a16213f4501e73470e97a1f91b3dbd828253bf3335b462fc216d86,True,14,6424753615035ed8cc6b8afb6b8af9de67967343389f185c9d6c05126f1078ca,2026-07-31,massive,1000,1000,inactive
,200,a80757e00ebcc6cf2cbe64761402d7ea44172ab81a8d00170f15ad4f2a45e865,True,15,8a488ea3d0525900ff8ad4dbeb363be147176bb5e44ae17fb6caf6bed99f8da4,2026-07-31,massive,1000,1000,inactive
,200,b91eae90c70c482f34457e1cd87ec4cd1ac15f7e552f4b6fc4d9b7c91c2eb1c2,True,16,6368cb32fdbea106832ab9c3d3083dcf89630a273509bfe32e13410396298cc1,2026-07-31,massive,1000,1000,inactive
,200,9a25f89b776a36fe97ef1f5539cf0bcd5596edf8264011e24eba479c6837d58e,True,17,c5b35377e673451952436e8964ed193d023095e5d420a9ab2bbee2e33f10be83,2026-07-31,massive,1000,1000,inactive
,200,b246ee3d8a09c9bdd725d965fa634be164d9f7ffd56218a08e6e17796e30ae24,True,18,c10f82e6cf4b0fab270008110f54c147ccf267e7e54a168d730063286b7630de,2026-07-31,massive,1000,1000,inactive
,200,3f99200531897c8fca2aee602d70418ede48ba7fa6162ab34b20bec1534e3efd,True,19,bb1fabbff48d9002ca35ffbfcfd25476997d04be01eefb0ffb4b26c26cfd0678,2026-07-31,massive,1000,1000,inactive
,200,2a5ba7881aaf181b1b324e306406ef317d99ba6748142037fe4c85100a1aa473,True,20,3b07bca731e1f42a8a1f815bd723b43f2f5e15eab6c1b2d15f86462547c5569e,2026-07-31,massive,1000,1000,inactive
,200,b27ee920472456575bd1d94ce0d8b3d172ac0da8ce41ede1b234f7b6375d2b76,True,21,46d7530a6bb3d83bbe1444650174335decd8bf396bacea5e3096dccdd0005288,2026-07-31,massive,1000,1000,inactive
,200,05af1da1f3dbd48151a4278bfb0cf72636334847d88c63ffa60d6c294afcbd23,True,22,dd51e086ed28534ca2dad07484de7fd83c3512eb992b7871a03dda977eb959ab,2026-07-31,massive,1000,1000,inactive
,200,a6f8b738d2fcf08d5e65fe0683ddade19733e0a875384cd09cb2db0c898053d7,True,23,6e3821f42bb1eaec53aa3921300f73d08c47fec9176d74dcd7b14ba7f0e454ec,2026-07-31,massive,1000,1000,inactive
,200,,False,24,d1777d7e8e108815dc5e409ad309df635b19605ef4c5418a1ca7d2a16edcf6f2,2026-07-31,massive,320,320,inactive
