ticker,data_source,sha256,manifest_rows,validated_rows,data_start,data_end,duplicate_timestamps,missing_required_values,invalid_ohlc_rows,bars_outside_range,complete_lookbacks,complete_forward_bars,eligible_observations_per_split,split_event_counts,warnings
AAPL,schwab,1345e7515b9c7884c0727ec1472a6ff19a9d642b27d83603e3877011a4779ab7,2156,2156,2018-01-02T06:00:00+00:00,2026-07-31T05:00:00+00:00,0,0,0,0,2147,2151,"{'development': 0, 'holdout': 1210, 'validation': 918}","{'development': 5, 'holdout': 2, 'validation': 0}",[]
MSFT,schwab,b1e064e21a89ecede4c8e07049a3862debfc033517b332cb217d4cef23640e8e,2156,2156,2018-01-02T06:00:00+00:00,2026-07-31T05:00:00+00:00,0,0,0,0,2147,2151,"{'development': 0, 'holdout': 1210, 'validation': 918}","{'development': 4, 'holdout': 2, 'validation': 0}",[]
NVDA,schwab,185121b8b513bafba66ac0b57fa2cefd2fdc89a2daa7e1e37ad5ce89ce1d6ae8,2156,2156,2018-01-02T06:00:00+00:00,2026-07-31T05:00:00+00:00,0,0,0,0,2147,2151,"{'development': 0, 'holdout': 1210, 'validation': 918}","{'development': 20, 'holdout': 17, 'validation': 18}",[]
GOOGL,schwab,af2189b71d61fc831319950a70d74846ba375ab0d13730a73a8520d57d1b1c81,2156,2156,2018-01-02T06:00:00+00:00,2026-07-31T05:00:00+00:00,0,0,0,0,2147,2151,"{'development': 0, 'holdout': 1210, 'validation': 918}","{'development': 5, 'holdout': 0, 'validation': 2}",[]
AMZN,schwab,018938b2f7252cf1f02e2b105424e87c3f6cdbff3ee6a6de25dab640e8c209d2,2156,2156,2018-01-02T06:00:00+00:00,2026-07-31T05:00:00+00:00,0,0,0,0,2147,2151,"{'development': 0, 'holdout': 1210, 'validation': 918}","{'development': 5, 'holdout': 3, 'validation': 9}",[]
META,schwab,729e74185e693bdfe7f15f5c9f1bcd215cba11163beb2a4faf818860c5521d35,2156,2156,2018-01-02T06:00:00+00:00,2026-07-31T05:00:00+00:00,0,0,0,0,2147,2151,"{'development': 0, 'holdout': 1210, 'validation': 918}","{'development': 7, 'holdout': 7, 'validation': 13}",[]
TSLA,schwab,e7402b935918ffc49306ab99700cbd09762aa10c9813ec536e71a7d9156faf8c,2156,2156,2018-01-02T06:00:00+00:00,2026-07-31T05:00:00+00:00,0,0,0,0,2147,2151,"{'development': 0, 'holdout': 1210, 'validation': 918}","{'development': 47, 'holdout': 22, 'validation': 28}",[]
AVGO,schwab,8bb95d486ad3b876516ca85ccf1e6eec6f0854807a9f01569c710067237261d2,2156,2156,2018-01-02T06:00:00+00:00,2026-07-31T05:00:00+00:00,0,0,0,0,2147,2151,"{'development': 0, 'holdout': 1210, 'validation': 918}","{'development': 7, 'holdout': 19, 'validation': 3}",[]
ORCL,schwab,5ed6491c4be1e40db708952ffab7b4f8d067ecf790a6a596bf25e678f08f9d9c,2156,2156,2018-01-02T06:00:00+00:00,2026-07-31T05:00:00+00:00,0,0,0,0,2147,2151,"{'development': 0, 'holdout': 1210, 'validation': 918}","{'development': 4, 'holdout': 18, 'validation': 2}",[]
AMD,schwab,9f983912853ff1b2eda93078647fd573a4034ee1ddf3c2567ee728d24d94a46d,2156,2156,2018-01-02T06:00:00+00:00,2026-07-31T05:00:00+00:00,0,0,0,0,2147,2151,"{'development': 0, 'holdout': 1210, 'validation': 918}","{'development': 32, 'holdout': 18, 'validation': 23}",[]
JPM,schwab,1351af4ca807c02436e0bec1c3abb072c2adbd0f16e14ab134fdd1efe9c3bf28,2155,2155,2018-01-02T06:00:00+00:00,2026-07-31T05:00:00+00:00,0,0,1,0,2146,2150,"{'development': 0, 'holdout': 1210, 'validation': 916}","{'development': 7, 'holdout': 1, 'validation': 2}",['invalid_ohlc_rows: 1']
BAC,schwab,773046bd00092a317e51d124a2a765b5c81ce12dbb53e10610b0d70cda3d0a43,2155,2155,2018-01-02T06:00:00+00:00,2026-07-31T05:00:00+00:00,0,0,1,0,2146,2150,"{'development': 0, 'holdout': 1210, 'validation': 916}","{'development': 9, 'holdout': 2, 'validation': 5}",['invalid_ohlc_rows: 1']
GS,schwab,ee23c08de9124651a0e0a597f8cf92ddb078d46b857a1b9ec19ab183806e60f2,2156,2156,2018-01-02T06:00:00+00:00,2026-07-31T05:00:00+00:00,0,0,0,0,2147,2151,"{'development': 0, 'holdout': 1210, 'validation': 918}","{'development': 7, 'holdout': 3, 'validation': 2}",[]
MS,schwab,c12f0a45e12850510b73fd996c3eb89af8036566bfaa37be6e6400efece91999,2155,2155,2018-01-02T06:00:00+00:00,2026-07-31T05:00:00+00:00,0,0,1,0,2146,2150,"{'development': 0, 'holdout': 1210, 'validation': 916}","{'development': 7, 'holdout': 2, 'validation': 1}",['invalid_ohlc_rows: 1']
BLK,schwab,657d6991970a5f204c5347679d233d978203baeeb21ee60d0a072aa3c51313e1,2156,2156,2018-01-02T06:00:00+00:00,2026-07-31T05:00:00+00:00,0,0,0,0,2147,2151,"{'development': 0, 'holdout': 1210, 'validation': 918}","{'development': 4, 'holdout': 1, 'validation': 2}",[]
SCHW,schwab,f68aeef733d3ed9c1fff0bea2c7a8b7f82f7aa9942f06c337f03dfb328102f84,2156,2156,2018-01-02T06:00:00+00:00,2026-07-31T05:00:00+00:00,0,0,0,0,2147,2151,"{'development': 0, 'holdout': 1210, 'validation': 918}","{'development': 10, 'holdout': 2, 'validation': 3}",[]
C,schwab,ae3d5d6ea1eddccc3c2501de2b9500892c67ea48158f82dee580d650577b70c9,2156,2156,2018-01-02T06:00:00+00:00,2026-07-31T05:00:00+00:00,0,0,0,0,2147,2151,"{'development': 0, 'holdout': 1210, 'validation': 918}","{'development': 15, 'holdout': 3, 'validation': 2}",[]
WFC,schwab,f666742aba143e233da868d76147ba979839e4a2b90713162029d1274e719a09,2154,2154,2018-01-02T06:00:00+00:00,2026-07-31T05:00:00+00:00,0,0,2,0,2145,2149,"{'development': 0, 'holdout': 1210, 'validation': 914}","{'development': 15, 'holdout': 3, 'validation': 3}",['invalid_ohlc_rows: 2']
UNH,schwab,936390e91708dcf7579b587b4aa1becb50c8010f972e8e4ff8da69388a1e309b,2156,2156,2018-01-02T06:00:00+00:00,2026-07-31T05:00:00+00:00,0,0,0,0,2147,2151,"{'development': 0, 'holdout': 1210, 'validation': 918}","{'development': 5, 'holdout': 8, 'validation': 0}",[]
LLY,schwab,0a090b3bd790d588dd2c6dbd210b104ecd74e770f502e2053197740dc0f362f8,2156,2156,2018-01-02T06:00:00+00:00,2026-07-31T05:00:00+00:00,0,0,0,0,2147,2151,"{'development': 0, 'holdout': 1210, 'validation': 918}","{'development': 3, 'holdout': 9, 'validation': 1}",[]
JNJ,schwab,edb68fe70b75bd0c309712c61c4c918b31d70ee863483d05ec72f3ca3142440b,2155,2155,2018-01-02T06:00:00+00:00,2026-07-31T05:00:00+00:00,0,0,1,0,2146,2150,"{'development': 0, 'holdout': 1210, 'validation': 916}","{'development': 3, 'holdout': 0, 'validation': 0}",['invalid_ohlc_rows: 1']
ABBV,schwab,bcbfb5d7a74adcfe104756e94ace530f91d5dab85eacf8e2081b34c813c16637,2156,2156,2018-01-02T06:00:00+00:00,2026-07-31T05:00:00+00:00,0,0,0,0,2147,2151,"{'development': 0, 'holdout': 1210, 'validation': 918}","{'development': 10, 'holdout': 3, 'validation': 0}",[]
MRK,schwab,65171d002d7fe35db219616c11bba6cd4603677aab60d7cf748d332651749fbf,2156,2156,2018-01-02T06:00:00+00:00,2026-07-31T05:00:00+00:00,0,0,0,0,2147,2151,"{'development': 0, 'holdout': 1210, 'validation': 918}","{'development': 1, 'holdout': 3, 'validation': 0}",[]
PFE,schwab,a11f52e67b1706d006b34a431f9205afb39b1b5c7202ef02a7e88ef6eaf70ae6,2156,2156,2018-01-02T06:00:00+00:00,2026-07-31T05:00:00+00:00,0,0,0,0,2147,2151,"{'development': 0, 'holdout': 1210, 'validation': 918}","{'development': 2, 'holdout': 1, 'validation': 0}",[]
TMO,schwab,e709cd44a70c6305d5c801b7395f27d0a89db06150a07dca5d5f63360363b4fa,2156,2156,2018-01-02T06:00:00+00:00,2026-07-31T05:00:00+00:00,0,0,0,0,2147,2151,"{'development': 0, 'holdout': 1210, 'validation': 918}","{'development': 1, 'holdout': 3, 'validation': 0}",[]
CAT,schwab,c4abbab891c90ca8f0d7677300ea426bf6d90fcb007665b2f977e1039336a983,2155,2155,2018-01-02T06:00:00+00:00,2026-07-31T05:00:00+00:00,0,0,1,0,2146,2150,"{'development': 0, 'holdout': 1210, 'validation': 916}","{'development': 3, 'holdout': 1, 'validation': 3}",['invalid_ohlc_rows: 1']
DE,schwab,a714fc02b9ac66b7573e8452882b361fc218a41c6ea01062a3e6381d070abcb7,2155,2155,2018-01-02T06:00:00+00:00,2026-07-31T05:00:00+00:00,0,0,1,0,2146,2150,"{'development': 0, 'holdout': 1210, 'validation': 916}","{'development': 5, 'holdout': 2, 'validation': 4}",['invalid_ohlc_rows: 1']
XOM,schwab,35a81a7b8d2d348f457457e23f80a3c8d9111f9f9b8ed3be3c61ddc036c980e5,2155,2155,2018-01-02T06:00:00+00:00,2026-07-31T05:00:00+00:00,0,0,1,0,2146,2150,"{'development': 0, 'holdout': 1210, 'validation': 916}","{'development': 9, 'holdout': 1, 'validation': 3}",['invalid_ohlc_rows: 1']
CVX,schwab,7241a0d55154e1d338e07b36b2900729bcb3566e7fe3f61064dbe4ca9817472d,2155,2155,2018-01-02T06:00:00+00:00,2026-07-31T05:00:00+00:00,0,0,1,0,2146,2150,"{'development': 0, 'holdout': 1210, 'validation': 916}","{'development': 8, 'holdout': 1, 'validation': 3}",['invalid_ohlc_rows: 1']
COP,schwab,1e8f0a9dda0f7e2b17d2ef0b986a7ab89b8883873e25b77fd22320ddc4be2a14,2155,2155,2018-01-02T06:00:00+00:00,2026-07-31T05:00:00+00:00,0,0,1,0,2146,2150,"{'development': 0, 'holdout': 1210, 'validation': 916}","{'development': 20, 'holdout': 1, 'validation': 5}",['invalid_ohlc_rows: 1']
PLTR,schwab,f170807407cfa31c84f74df7099a35451f1fa0a4804623d39045c27290ca10dc,1464,1464,2020-09-30T05:00:00+00:00,2026-07-31T05:00:00+00:00,0,0,1,0,1455,1459,"{'development': 0, 'holdout': 1210, 'validation': 916}","{'development': 19, 'holdout': 28, 'validation': 32}",['invalid_ohlc_rows: 1']
CRWD,schwab,4e520d75eee6cf8de1fdb8da297618e43baa4b96fceca12dfb5bc6bf9fcdee91,1794,1794,2019-06-12T05:00:00+00:00,2026-07-31T05:00:00+00:00,0,0,0,0,1785,1789,"{'development': 0, 'holdout': 1210, 'validation': 918}","{'development': 32, 'holdout': 19, 'validation': 16}",[]
NET,schwab,be1613b8f3f0bf2464eb1d43fa4b619d47009ac35216fd28fbf824ecb41e95ac,1729,1729,2019-09-13T05:00:00+00:00,2026-07-31T05:00:00+00:00,0,0,0,0,1720,1724,"{'development': 0, 'holdout': 1210, 'validation': 918}","{'development': 25, 'holdout': 23, 'validation': 44}",[]
SNOW,schwab,4e21557eba67cccd5050555a346a7a2b5bb7f300b2dd2156c1e2abbcbb7a1965,1475,1475,2020-09-16T05:00:00+00:00,2026-07-31T05:00:00+00:00,0,0,0,0,1466,1470,"{'development': 0, 'holdout': 1210, 'validation': 918}","{'development': 10, 'holdout': 19, 'validation': 30}",[]
DDOG,schwab,cfd8f21ca6ed2a1454e55a73d971a6f35e0b2daf653997f407bd33064c918592,1725,1725,2019-09-19T05:00:00+00:00,2026-07-31T05:00:00+00:00,0,0,0,0,1716,1720,"{'development': 0, 'holdout': 1210, 'validation': 918}","{'development': 19, 'holdout': 18, 'validation': 26}",[]
ARM,schwab,9e6af302f1586705408382b0867e9739600c8c52600727a379c10ff235c66abf,722,722,2023-09-14T05:00:00+00:00,2026-07-31T05:00:00+00:00,0,0,0,0,713,717,"{'development': 0, 'holdout': 1210, 'validation': 66}","{'development': 0, 'holdout': 40, 'validation': 1}",[]
SMCI,schwab,677eb101aeda977bd607ac01d3d0818e0823ef1197c195634d6e2daf5aa38bf0,2156,2156,2018-01-02T06:00:00+00:00,2026-07-31T05:00:00+00:00,0,0,0,0,2147,2151,"{'development': 0, 'holdout': 1210, 'validation': 918}","{'development': 22, 'holdout': 65, 'validation': 31}",[]
MU,schwab,f336ffee3d56106f0b4a163bdd0df293726da549377c0b3bbd74f238cc19f78f,2156,2156,2018-01-02T06:00:00+00:00,2026-07-31T05:00:00+00:00,0,0,0,0,2147,2151,"{'development': 0, 'holdout': 1210, 'validation': 918}","{'development': 19, 'holdout': 45, 'validation': 4}",[]
MSTR,schwab,d1f07ba0e6534c47dc950c1dfb0dd8bb3a8f3ba546ba1b83b0178a561c0c3047,2156,2156,2018-01-02T06:00:00+00:00,2026-07-31T05:00:00+00:00,0,0,0,0,2147,2151,"{'development': 0, 'holdout': 1210, 'validation': 918}","{'development': 36, 'holdout': 59, 'validation': 53}",[]
SPY,schwab,95b8bbfb6eb5ccbb0ccb6c1a35873ea1395e90984ff55063d2f91e7b3500db47,2156,2156,2018-01-02T06:00:00+00:00,2026-07-31T05:00:00+00:00,0,0,0,0,2147,2151,"{'development': 0, 'holdout': 1210, 'validation': 918}","{'development': 3, 'holdout': 0, 'validation': 0}",[]
QQQ,schwab,d197df7ce4bd66cd8e181d86f86d6635a5dd0f454dba66771305615f4511d727,2156,2156,2018-01-02T06:00:00+00:00,2026-07-31T05:00:00+00:00,0,0,0,0,2147,2151,"{'development': 0, 'holdout': 1210, 'validation': 918}","{'development': 2, 'holdout': 0, 'validation': 0}",[]
SOXL,schwab,960edc75404c6f08a966b8b309fc853ce67ac2fa82c4369a611a8e79de9fc8b8,2155,2155,2018-01-02T06:00:00+00:00,2026-07-31T05:00:00+00:00,0,0,1,0,2146,2150,"{'development': 0, 'holdout': 1210, 'validation': 916}","{'development': 99, 'holdout': 79, 'validation': 58}",['invalid_ohlc_rows: 1']
TQQQ,schwab,08d115d3b65c292f9e6425022014f8d253eab1e6e87586dd88734f30dfc0e9c7,2156,2156,2018-01-02T06:00:00+00:00,2026-07-31T05:00:00+00:00,0,0,0,0,2147,2151,"{'development': 0, 'holdout': 1210, 'validation': 918}","{'development': 45, 'holdout': 30, 'validation': 39}",[]
ARKK,schwab,6b4085b3c19e867d6432c34139fefa68fbf4518b2b372c4afa8757bd67e68e87,2156,2156,2018-01-02T06:00:00+00:00,2026-07-31T05:00:00+00:00,0,0,0,0,2147,2151,"{'development': 0, 'holdout': 1210, 'validation': 918}","{'development': 12, 'holdout': 8, 'validation': 16}",[]
