probe_id,symbol,method,repetition,requested_eastern_start,requested_eastern_end,requested_utc_start,requested_utc_end,http_status,safe_error_classification,raw_candle_count,normalized_candle_count,raw_earliest_timestamp,raw_latest_timestamp,requested_range_earliest,requested_range_latest,out_of_range_candles,unique_regular_sessions,expected_eligible_sessions,expected_regular_session_bars,returned_regular_session_bars,primary_session_bars,early_close_session_bars,extended_hours_bars,regular_session_coverage_pct,missing_regular_session_bars,duplicate_timestamps,duplicate_bar_rate_pct,zero_volume_bars,zero_volume_rate_pct,invalid_ohlc_rows,non_five_minute_intervals,candle_payload_sha256,requested_range_normalized_sha256,date_bound_classification,timestamp_semantics_classification,threshold_result,retry_after_seconds,notes,page_count,next_page_token_present,pagination_complete,repeated_page_token,pagination_cycle_detected
full-SPY-sip-rep1,SPY,sip,1,2022-01-03T00:00:00.000000-0500,2025-12-31T23:59:59.999999-0500,2022-01-03T05:00:00.000000+0000,2026-01-01T04:59:59.999999+0000,200,none,188119,188119,2022-01-03T09:00:00.000000+0000,2026-01-01T00:55:00.000000+0000,2022-01-03T09:00:00.000000+0000,2026-01-01T00:55:00.000000+0000,0,994,994,77532,77532,77532,378,110209,100.0,0,0,0.0,0,0.0,0,0,,5117331463e60936af12fb412afda02a654cbf8b4d983cce980fb9d7297db434,honored_exactly,inconsistent,passed,,,83,True,True,False,False
full-SPY-sip-rep2,SPY,sip,2,2022-01-03T00:00:00.000000-0500,2025-12-31T23:59:59.999999-0500,2022-01-03T05:00:00.000000+0000,2026-01-01T04:59:59.999999+0000,200,none,188119,188119,2022-01-03T09:00:00.000000+0000,2026-01-01T00:55:00.000000+0000,2022-01-03T09:00:00.000000+0000,2026-01-01T00:55:00.000000+0000,0,994,994,77532,77532,77532,378,110209,100.0,0,0,0.0,0,0.0,0,0,,5117331463e60936af12fb412afda02a654cbf8b4d983cce980fb9d7297db434,honored_exactly,inconsistent,passed,,,83,True,True,False,False
full-SPY-iex-rep1,SPY,iex,1,2022-01-03T00:00:00.000000-0500,2025-12-31T23:59:59.999999-0500,2022-01-03T05:00:00.000000+0000,2026-01-01T04:59:59.999999+0000,200,none,83287,83287,2022-01-03T13:40:00.000000+0000,2025-12-31T20:55:00.000000+0000,2022-01-03T13:40:00.000000+0000,2025-12-31T20:55:00.000000+0000,0,993,994,77532,77382,77382,378,5527,99.80653149667235,150,0,0.0,0,0.0,0,0,,26f0d5c971b8c966a2b37b898822892e24a4c0e397ce65394b8d1d73ecf19a96,honored_exactly,inconsistent,passed,,,40,True,True,False,False
full-SPY-iex-rep2,SPY,iex,2,2022-01-03T00:00:00.000000-0500,2025-12-31T23:59:59.999999-0500,2022-01-03T05:00:00.000000+0000,2026-01-01T04:59:59.999999+0000,200,none,83287,83287,2022-01-03T13:40:00.000000+0000,2025-12-31T20:55:00.000000+0000,2022-01-03T13:40:00.000000+0000,2025-12-31T20:55:00.000000+0000,0,993,994,77532,77382,77382,378,5527,99.80653149667235,150,0,0.0,0,0.0,0,0,,26f0d5c971b8c966a2b37b898822892e24a4c0e397ce65394b8d1d73ecf19a96,honored_exactly,inconsistent,passed,,,40,True,True,False,False
window-2022-02-SPY-sip-rep1,SPY,sip,1,2022-02-01T00:00:00.000000-0500,2022-02-28T23:59:59.999999-0500,2022-02-01T05:00:00.000000+0000,2022-03-01T04:59:59.999999+0000,200,none,3530,3530,2022-02-01T09:00:00.000000+0000,2022-03-01T00:55:00.000000+0000,2022-02-01T09:00:00.000000+0000,2022-03-01T00:55:00.000000+0000,0,19,19,1482,1482,1482,0,2048,100.0,0,0,0.0,0,0.0,0,0,,25944df2ffec820fd3ce4cc2dee1d765aa3ac8ec67e9d5c0339bb94b3be44fcd,honored_exactly,inconsistent,passed,,,2,True,True,False,False
window-2022-02-SPY-sip-rep2,SPY,sip,2,2022-02-01T00:00:00.000000-0500,2022-02-28T23:59:59.999999-0500,2022-02-01T05:00:00.000000+0000,2022-03-01T04:59:59.999999+0000,200,none,3530,3530,2022-02-01T09:00:00.000000+0000,2022-03-01T00:55:00.000000+0000,2022-02-01T09:00:00.000000+0000,2022-03-01T00:55:00.000000+0000,0,19,19,1482,1482,1482,0,2048,100.0,0,0,0.0,0,0.0,0,0,,25944df2ffec820fd3ce4cc2dee1d765aa3ac8ec67e9d5c0339bb94b3be44fcd,honored_exactly,inconsistent,passed,,,2,True,True,False,False
window-2022-02-SPY-iex-rep1,SPY,iex,1,2022-02-01T00:00:00.000000-0500,2022-02-28T23:59:59.999999-0500,2022-02-01T05:00:00.000000+0000,2022-03-01T04:59:59.999999+0000,200,none,1654,1654,2022-02-01T14:30:00.000000+0000,2022-02-28T21:55:00.000000+0000,2022-02-01T14:30:00.000000+0000,2022-02-28T21:55:00.000000+0000,0,19,19,1482,1482,1482,0,172,100.0,0,0,0.0,0,0.0,0,0,,b9f7646953a722b4be2471a18e114b244fdf1125b79a701ac90b7cd4422a97f4,honored_exactly,inconsistent,passed,,,1,False,True,False,False
window-2022-02-SPY-iex-rep2,SPY,iex,2,2022-02-01T00:00:00.000000-0500,2022-02-28T23:59:59.999999-0500,2022-02-01T05:00:00.000000+0000,2022-03-01T04:59:59.999999+0000,200,none,1654,1654,2022-02-01T14:30:00.000000+0000,2022-02-28T21:55:00.000000+0000,2022-02-01T14:30:00.000000+0000,2022-02-28T21:55:00.000000+0000,0,19,19,1482,1482,1482,0,172,100.0,0,0,0.0,0,0.0,0,0,,b9f7646953a722b4be2471a18e114b244fdf1125b79a701ac90b7cd4422a97f4,honored_exactly,inconsistent,passed,,,1,False,True,False,False
window-2022-02-AAPL-sip-rep1,AAPL,sip,1,2022-02-01T00:00:00.000000-0500,2022-02-28T23:59:59.999999-0500,2022-02-01T05:00:00.000000+0000,2022-03-01T04:59:59.999999+0000,200,none,3465,3465,2022-02-01T09:00:00.000000+0000,2022-03-01T00:55:00.000000+0000,2022-02-01T09:00:00.000000+0000,2022-03-01T00:55:00.000000+0000,0,19,19,1482,1482,1482,0,1983,100.0,0,0,0.0,0,0.0,0,0,,6c3df8d3f8b09e10d1b242991c3b38e05176c6f1f8e97e1b8cbc59d5555f9f47,honored_exactly,inconsistent,passed,,,2,True,True,False,False
window-2022-02-AAPL-sip-rep2,AAPL,sip,2,2022-02-01T00:00:00.000000-0500,2022-02-28T23:59:59.999999-0500,2022-02-01T05:00:00.000000+0000,2022-03-01T04:59:59.999999+0000,200,none,3465,3465,2022-02-01T09:00:00.000000+0000,2022-03-01T00:55:00.000000+0000,2022-02-01T09:00:00.000000+0000,2022-03-01T00:55:00.000000+0000,0,19,19,1482,1482,1482,0,1983,100.0,0,0,0.0,0,0.0,0,0,,6c3df8d3f8b09e10d1b242991c3b38e05176c6f1f8e97e1b8cbc59d5555f9f47,honored_exactly,inconsistent,passed,,,2,True,True,False,False
window-2022-02-AAPL-iex-rep1,AAPL,iex,1,2022-02-01T00:00:00.000000-0500,2022-02-28T23:59:59.999999-0500,2022-02-01T05:00:00.000000+0000,2022-03-01T04:59:59.999999+0000,200,none,1508,1508,2022-02-01T14:30:00.000000+0000,2022-02-28T20:55:00.000000+0000,2022-02-01T14:30:00.000000+0000,2022-02-28T20:55:00.000000+0000,0,19,19,1482,1482,1482,0,26,100.0,0,0,0.0,0,0.0,0,0,,8bd3f98ac828d4f1783f7c50849e3022211fafeee0536d1e0762c2ca35a3c25c,honored_exactly,inconsistent,passed,,,1,False,True,False,False
window-2022-02-AAPL-iex-rep2,AAPL,iex,2,2022-02-01T00:00:00.000000-0500,2022-02-28T23:59:59.999999-0500,2022-02-01T05:00:00.000000+0000,2022-03-01T04:59:59.999999+0000,200,none,1508,1508,2022-02-01T14:30:00.000000+0000,2022-02-28T20:55:00.000000+0000,2022-02-01T14:30:00.000000+0000,2022-02-28T20:55:00.000000+0000,0,19,19,1482,1482,1482,0,26,100.0,0,0,0.0,0,0.0,0,0,,8bd3f98ac828d4f1783f7c50849e3022211fafeee0536d1e0762c2ca35a3c25c,honored_exactly,inconsistent,passed,,,1,False,True,False,False
window-2022-02-JPM-sip-rep1,JPM,sip,1,2022-02-01T00:00:00.000000-0500,2022-02-28T23:59:59.999999-0500,2022-02-01T05:00:00.000000+0000,2022-03-01T04:59:59.999999+0000,200,none,2386,2386,2022-02-01T09:05:00.000000+0000,2022-03-01T00:55:00.000000+0000,2022-02-01T09:05:00.000000+0000,2022-03-01T00:55:00.000000+0000,0,19,19,1482,1482,1482,0,904,100.0,0,0,0.0,0,0.0,0,0,,cc4c285c15c0e1107b95ccae91af758026ea94e9c7de83d862d64b0253d7bc4c,honored_exactly,inconsistent,passed,,,1,False,True,False,False
window-2022-02-JPM-sip-rep2,JPM,sip,2,2022-02-01T00:00:00.000000-0500,2022-02-28T23:59:59.999999-0500,2022-02-01T05:00:00.000000+0000,2022-03-01T04:59:59.999999+0000,200,none,2386,2386,2022-02-01T09:05:00.000000+0000,2022-03-01T00:55:00.000000+0000,2022-02-01T09:05:00.000000+0000,2022-03-01T00:55:00.000000+0000,0,19,19,1482,1482,1482,0,904,100.0,0,0,0.0,0,0.0,0,0,,cc4c285c15c0e1107b95ccae91af758026ea94e9c7de83d862d64b0253d7bc4c,honored_exactly,inconsistent,passed,,,1,False,True,False,False
window-2022-02-JPM-iex-rep1,JPM,iex,1,2022-02-01T00:00:00.000000-0500,2022-02-28T23:59:59.999999-0500,2022-02-01T05:00:00.000000+0000,2022-03-01T04:59:59.999999+0000,200,none,1482,1482,2022-02-01T14:30:00.000000+0000,2022-02-28T20:55:00.000000+0000,2022-02-01T14:30:00.000000+0000,2022-02-28T20:55:00.000000+0000,0,19,19,1482,1481,1481,0,1,99.93252361673414,1,0,0.0,0,0.0,0,0,,2ac6f27bb72b7c96e5e630b0fb2f6f7f5976b9f5173f7044074f1b1a032c6386,honored_exactly,bar_start,passed,,,1,False,True,False,False
window-2022-02-JPM-iex-rep2,JPM,iex,2,2022-02-01T00:00:00.000000-0500,2022-02-28T23:59:59.999999-0500,2022-02-01T05:00:00.000000+0000,2022-03-01T04:59:59.999999+0000,200,none,1482,1482,2022-02-01T14:30:00.000000+0000,2022-02-28T20:55:00.000000+0000,2022-02-01T14:30:00.000000+0000,2022-02-28T20:55:00.000000+0000,0,19,19,1482,1481,1481,0,1,99.93252361673414,1,0,0.0,0,0.0,0,0,,2ac6f27bb72b7c96e5e630b0fb2f6f7f5976b9f5173f7044074f1b1a032c6386,honored_exactly,bar_start,passed,,,1,False,True,False,False
window-2023-08-SPY-sip-rep1,SPY,sip,1,2023-08-01T00:00:00.000000-0400,2023-08-31T23:59:59.999999-0400,2023-08-01T04:00:00.000000+0000,2023-09-01T03:59:59.999999+0000,200,none,4360,4360,2023-08-01T08:00:00.000000+0000,2023-08-31T23:55:00.000000+0000,2023-08-01T08:00:00.000000+0000,2023-08-31T23:55:00.000000+0000,0,23,23,1794,1794,1794,0,2566,100.0,0,0,0.0,0,0.0,0,0,,b85fffbf46ec846b11653142a64257d41af7ebbfb5149f127d2f17cecd5e0009,honored_exactly,inconsistent,passed,,,2,True,True,False,False
window-2023-08-SPY-sip-rep2,SPY,sip,2,2023-08-01T00:00:00.000000-0400,2023-08-31T23:59:59.999999-0400,2023-08-01T04:00:00.000000+0000,2023-09-01T03:59:59.999999+0000,200,none,4360,4360,2023-08-01T08:00:00.000000+0000,2023-08-31T23:55:00.000000+0000,2023-08-01T08:00:00.000000+0000,2023-08-31T23:55:00.000000+0000,0,23,23,1794,1794,1794,0,2566,100.0,0,0,0.0,0,0.0,0,0,,b85fffbf46ec846b11653142a64257d41af7ebbfb5149f127d2f17cecd5e0009,honored_exactly,inconsistent,passed,,,2,True,True,False,False
window-2023-08-SPY-iex-rep1,SPY,iex,1,2023-08-01T00:00:00.000000-0400,2023-08-31T23:59:59.999999-0400,2023-08-01T04:00:00.000000+0000,2023-09-01T03:59:59.999999+0000,200,none,1873,1873,2023-08-01T13:30:00.000000+0000,2023-08-31T20:10:00.000000+0000,2023-08-01T13:30:00.000000+0000,2023-08-31T20:10:00.000000+0000,0,23,23,1794,1794,1794,0,79,100.0,0,0,0.0,0,0.0,0,0,,5add82af197f176c7b95fbb7a9b82bca446a57ac4338b6084565e48d5f093a67,honored_exactly,inconsistent,passed,,,1,False,True,False,False
window-2023-08-SPY-iex-rep2,SPY,iex,2,2023-08-01T00:00:00.000000-0400,2023-08-31T23:59:59.999999-0400,2023-08-01T04:00:00.000000+0000,2023-09-01T03:59:59.999999+0000,200,none,1873,1873,2023-08-01T13:30:00.000000+0000,2023-08-31T20:10:00.000000+0000,2023-08-01T13:30:00.000000+0000,2023-08-31T20:10:00.000000+0000,0,23,23,1794,1794,1794,0,79,100.0,0,0,0.0,0,0.0,0,0,,5add82af197f176c7b95fbb7a9b82bca446a57ac4338b6084565e48d5f093a67,honored_exactly,inconsistent,passed,,,1,False,True,False,False
window-2023-08-AAPL-sip-rep1,AAPL,sip,1,2023-08-01T00:00:00.000000-0400,2023-08-31T23:59:59.999999-0400,2023-08-01T04:00:00.000000+0000,2023-09-01T03:59:59.999999+0000,200,none,4316,4316,2023-08-01T08:00:00.000000+0000,2023-08-31T23:55:00.000000+0000,2023-08-01T08:00:00.000000+0000,2023-08-31T23:55:00.000000+0000,0,23,23,1794,1794,1794,0,2522,100.0,0,0,0.0,0,0.0,0,0,,9c419965116dc8e515e978637a3eb726f0e0cb9ea58ed4910a2fd993af891361,honored_exactly,inconsistent,passed,,,2,True,True,False,False
window-2023-08-AAPL-sip-rep2,AAPL,sip,2,2023-08-01T00:00:00.000000-0400,2023-08-31T23:59:59.999999-0400,2023-08-01T04:00:00.000000+0000,2023-09-01T03:59:59.999999+0000,200,none,4316,4316,2023-08-01T08:00:00.000000+0000,2023-08-31T23:55:00.000000+0000,2023-08-01T08:00:00.000000+0000,2023-08-31T23:55:00.000000+0000,0,23,23,1794,1794,1794,0,2522,100.0,0,0,0.0,0,0.0,0,0,,9c419965116dc8e515e978637a3eb726f0e0cb9ea58ed4910a2fd993af891361,honored_exactly,inconsistent,passed,,,2,True,True,False,False
window-2023-08-AAPL-iex-rep1,AAPL,iex,1,2023-08-01T00:00:00.000000-0400,2023-08-31T23:59:59.999999-0400,2023-08-01T04:00:00.000000+0000,2023-09-01T03:59:59.999999+0000,200,none,1816,1816,2023-08-01T13:30:00.000000+0000,2023-08-31T19:55:00.000000+0000,2023-08-01T13:30:00.000000+0000,2023-08-31T19:55:00.000000+0000,0,23,23,1794,1794,1794,0,22,100.0,0,0,0.0,0,0.0,0,0,,56d09e4fd2d48619e76bd67bd9c6ff95b714bf2992a47b2ae04f6597a0831809,honored_exactly,bar_start,passed,,,1,False,True,False,False
window-2023-08-AAPL-iex-rep2,AAPL,iex,2,2023-08-01T00:00:00.000000-0400,2023-08-31T23:59:59.999999-0400,2023-08-01T04:00:00.000000+0000,2023-09-01T03:59:59.999999+0000,200,none,1816,1816,2023-08-01T13:30:00.000000+0000,2023-08-31T19:55:00.000000+0000,2023-08-01T13:30:00.000000+0000,2023-08-31T19:55:00.000000+0000,0,23,23,1794,1794,1794,0,22,100.0,0,0,0.0,0,0.0,0,0,,56d09e4fd2d48619e76bd67bd9c6ff95b714bf2992a47b2ae04f6597a0831809,honored_exactly,bar_start,passed,,,1,False,True,False,False
window-2023-08-JPM-sip-rep1,JPM,sip,1,2023-08-01T00:00:00.000000-0400,2023-08-31T23:59:59.999999-0400,2023-08-01T04:00:00.000000+0000,2023-09-01T03:59:59.999999+0000,200,none,2453,2453,2023-08-01T11:40:00.000000+0000,2023-08-31T23:55:00.000000+0000,2023-08-01T11:40:00.000000+0000,2023-08-31T23:55:00.000000+0000,0,23,23,1794,1794,1794,0,659,100.0,0,0,0.0,0,0.0,0,0,,33347599f1d778bb0b663ca8591e13acee9d2966643fc96443f6fcafcba4b393,honored_exactly,inconsistent,passed,,,1,False,True,False,False
window-2023-08-JPM-sip-rep2,JPM,sip,2,2023-08-01T00:00:00.000000-0400,2023-08-31T23:59:59.999999-0400,2023-08-01T04:00:00.000000+0000,2023-09-01T03:59:59.999999+0000,200,none,2453,2453,2023-08-01T11:40:00.000000+0000,2023-08-31T23:55:00.000000+0000,2023-08-01T11:40:00.000000+0000,2023-08-31T23:55:00.000000+0000,0,23,23,1794,1794,1794,0,659,100.0,0,0,0.0,0,0.0,0,0,,33347599f1d778bb0b663ca8591e13acee9d2966643fc96443f6fcafcba4b393,honored_exactly,inconsistent,passed,,,1,False,True,False,False
window-2023-08-JPM-iex-rep1,JPM,iex,1,2023-08-01T00:00:00.000000-0400,2023-08-31T23:59:59.999999-0400,2023-08-01T04:00:00.000000+0000,2023-09-01T03:59:59.999999+0000,200,none,1748,1748,2023-08-01T13:30:00.000000+0000,2023-08-31T19:55:00.000000+0000,2023-08-01T13:30:00.000000+0000,2023-08-31T19:55:00.000000+0000,0,23,23,1794,1746,1746,0,2,97.32441471571906,48,0,0.0,0,0.0,0,0,,45979221ffef7a37f949cc6fb1204cc1e1bf538f8601d11b871815700c9b5d16,honored_exactly,bar_start,passed,,,1,False,True,False,False
window-2023-08-JPM-iex-rep2,JPM,iex,2,2023-08-01T00:00:00.000000-0400,2023-08-31T23:59:59.999999-0400,2023-08-01T04:00:00.000000+0000,2023-09-01T03:59:59.999999+0000,200,none,1748,1748,2023-08-01T13:30:00.000000+0000,2023-08-31T19:55:00.000000+0000,2023-08-01T13:30:00.000000+0000,2023-08-31T19:55:00.000000+0000,0,23,23,1794,1746,1746,0,2,97.32441471571906,48,0,0.0,0,0.0,0,0,,45979221ffef7a37f949cc6fb1204cc1e1bf538f8601d11b871815700c9b5d16,honored_exactly,bar_start,passed,,,1,False,True,False,False
window-2024-06-SPY-sip-rep1,SPY,sip,1,2024-06-03T00:00:00.000000-0400,2024-06-28T23:59:59.999999-0400,2024-06-03T04:00:00.000000+0000,2024-06-29T03:59:59.999999+0000,200,none,3526,3526,2024-06-03T08:00:00.000000+0000,2024-06-28T23:55:00.000000+0000,2024-06-03T08:00:00.000000+0000,2024-06-28T23:55:00.000000+0000,0,19,19,1482,1482,1482,0,2044,100.0,0,0,0.0,0,0.0,0,0,,26790ac27d07469dedda704ca10d19201674962e3d7c2a9c005b00d4515fc4b1,honored_exactly,inconsistent,passed,,,2,True,True,False,False
window-2024-06-SPY-sip-rep2,SPY,sip,2,2024-06-03T00:00:00.000000-0400,2024-06-28T23:59:59.999999-0400,2024-06-03T04:00:00.000000+0000,2024-06-29T03:59:59.999999+0000,200,none,3526,3526,2024-06-03T08:00:00.000000+0000,2024-06-28T23:55:00.000000+0000,2024-06-03T08:00:00.000000+0000,2024-06-28T23:55:00.000000+0000,0,19,19,1482,1482,1482,0,2044,100.0,0,0,0.0,0,0.0,0,0,,26790ac27d07469dedda704ca10d19201674962e3d7c2a9c005b00d4515fc4b1,honored_exactly,inconsistent,passed,,,2,True,True,False,False
window-2024-06-SPY-iex-rep1,SPY,iex,1,2024-06-03T00:00:00.000000-0400,2024-06-28T23:59:59.999999-0400,2024-06-03T04:00:00.000000+0000,2024-06-29T03:59:59.999999+0000,200,none,1500,1500,2024-06-03T13:30:00.000000+0000,2024-06-28T19:55:00.000000+0000,2024-06-03T13:30:00.000000+0000,2024-06-28T19:55:00.000000+0000,0,19,19,1482,1481,1481,0,19,99.93252361673414,1,0,0.0,0,0.0,0,0,,e086676ee0be43cb7db4508bf68e87ce1e46fc971c96c70838e35d67f886f8cc,honored_exactly,inconsistent,passed,,,1,False,True,False,False
window-2024-06-SPY-iex-rep2,SPY,iex,2,2024-06-03T00:00:00.000000-0400,2024-06-28T23:59:59.999999-0400,2024-06-03T04:00:00.000000+0000,2024-06-29T03:59:59.999999+0000,200,none,1500,1500,2024-06-03T13:30:00.000000+0000,2024-06-28T19:55:00.000000+0000,2024-06-03T13:30:00.000000+0000,2024-06-28T19:55:00.000000+0000,0,19,19,1482,1481,1481,0,19,99.93252361673414,1,0,0.0,0,0.0,0,0,,e086676ee0be43cb7db4508bf68e87ce1e46fc971c96c70838e35d67f886f8cc,honored_exactly,inconsistent,passed,,,1,False,True,False,False
window-2024-06-AAPL-sip-rep1,AAPL,sip,1,2024-06-03T00:00:00.000000-0400,2024-06-28T23:59:59.999999-0400,2024-06-03T04:00:00.000000+0000,2024-06-29T03:59:59.999999+0000,200,none,3568,3568,2024-06-03T08:00:00.000000+0000,2024-06-28T23:55:00.000000+0000,2024-06-03T08:00:00.000000+0000,2024-06-28T23:55:00.000000+0000,0,19,19,1482,1482,1482,0,2086,100.0,0,0,0.0,0,0.0,0,0,,b7181cbf327971d7a78d31a380641535e202ddac2b2e9cfac54fa0678884877d,honored_exactly,inconsistent,passed,,,2,True,True,False,False
window-2024-06-AAPL-sip-rep2,AAPL,sip,2,2024-06-03T00:00:00.000000-0400,2024-06-28T23:59:59.999999-0400,2024-06-03T04:00:00.000000+0000,2024-06-29T03:59:59.999999+0000,200,none,3568,3568,2024-06-03T08:00:00.000000+0000,2024-06-28T23:55:00.000000+0000,2024-06-03T08:00:00.000000+0000,2024-06-28T23:55:00.000000+0000,0,19,19,1482,1482,1482,0,2086,100.0,0,0,0.0,0,0.0,0,0,,b7181cbf327971d7a78d31a380641535e202ddac2b2e9cfac54fa0678884877d,honored_exactly,inconsistent,passed,,,2,True,True,False,False
window-2024-06-AAPL-iex-rep1,AAPL,iex,1,2024-06-03T00:00:00.000000-0400,2024-06-28T23:59:59.999999-0400,2024-06-03T04:00:00.000000+0000,2024-06-29T03:59:59.999999+0000,200,none,1487,1487,2024-06-03T13:30:00.000000+0000,2024-06-28T19:55:00.000000+0000,2024-06-03T13:30:00.000000+0000,2024-06-28T19:55:00.000000+0000,0,19,19,1482,1482,1482,0,5,100.0,0,0,0.0,0,0.0,0,0,,0896a01d62783bd3b33c90d7a316600bbbc718ab1a93633e1553a21194cffaae,honored_exactly,bar_start,passed,,,1,False,True,False,False
window-2024-06-AAPL-iex-rep2,AAPL,iex,2,2024-06-03T00:00:00.000000-0400,2024-06-28T23:59:59.999999-0400,2024-06-03T04:00:00.000000+0000,2024-06-29T03:59:59.999999+0000,200,none,1487,1487,2024-06-03T13:30:00.000000+0000,2024-06-28T19:55:00.000000+0000,2024-06-03T13:30:00.000000+0000,2024-06-28T19:55:00.000000+0000,0,19,19,1482,1482,1482,0,5,100.0,0,0,0.0,0,0.0,0,0,,0896a01d62783bd3b33c90d7a316600bbbc718ab1a93633e1553a21194cffaae,honored_exactly,bar_start,passed,,,1,False,True,False,False
window-2024-06-JPM-sip-rep1,JPM,sip,1,2024-06-03T00:00:00.000000-0400,2024-06-28T23:59:59.999999-0400,2024-06-03T04:00:00.000000+0000,2024-06-29T03:59:59.999999+0000,200,none,2008,2008,2024-06-03T08:00:00.000000+0000,2024-06-28T23:50:00.000000+0000,2024-06-03T08:00:00.000000+0000,2024-06-28T23:50:00.000000+0000,0,19,19,1482,1482,1482,0,526,100.0,0,0,0.0,0,0.0,0,0,,8445c484e6c04d455841cb16a4919d1095e3a00ef66b16c60c580e214505dd1f,honored_exactly,inconsistent,passed,,,1,False,True,False,False
window-2024-06-JPM-sip-rep2,JPM,sip,2,2024-06-03T00:00:00.000000-0400,2024-06-28T23:59:59.999999-0400,2024-06-03T04:00:00.000000+0000,2024-06-29T03:59:59.999999+0000,200,none,2008,2008,2024-06-03T08:00:00.000000+0000,2024-06-28T23:50:00.000000+0000,2024-06-03T08:00:00.000000+0000,2024-06-28T23:50:00.000000+0000,0,19,19,1482,1482,1482,0,526,100.0,0,0,0.0,0,0.0,0,0,,8445c484e6c04d455841cb16a4919d1095e3a00ef66b16c60c580e214505dd1f,honored_exactly,inconsistent,passed,,,1,False,True,False,False
window-2024-06-JPM-iex-rep1,JPM,iex,1,2024-06-03T00:00:00.000000-0400,2024-06-28T23:59:59.999999-0400,2024-06-03T04:00:00.000000+0000,2024-06-29T03:59:59.999999+0000,200,none,1419,1419,2024-06-03T13:30:00.000000+0000,2024-06-28T19:55:00.000000+0000,2024-06-03T13:30:00.000000+0000,2024-06-28T19:55:00.000000+0000,0,19,19,1482,1419,1419,0,0,95.74898785425101,63,0,0.0,0,0.0,0,0,,0b9f973d968d9d2a96c0c972ab07239077621be9808fc1885e368da3b799ca31,honored_exactly,bar_start,passed,,,1,False,True,False,False
window-2024-06-JPM-iex-rep2,JPM,iex,2,2024-06-03T00:00:00.000000-0400,2024-06-28T23:59:59.999999-0400,2024-06-03T04:00:00.000000+0000,2024-06-29T03:59:59.999999+0000,200,none,1419,1419,2024-06-03T13:30:00.000000+0000,2024-06-28T19:55:00.000000+0000,2024-06-03T13:30:00.000000+0000,2024-06-28T19:55:00.000000+0000,0,19,19,1482,1419,1419,0,0,95.74898785425101,63,0,0.0,0,0.0,0,0,,0b9f973d968d9d2a96c0c972ab07239077621be9808fc1885e368da3b799ca31,honored_exactly,bar_start,passed,,,1,False,True,False,False
window-2025-12-SPY-sip-rep1,SPY,sip,1,2025-12-01T00:00:00.000000-0500,2025-12-31T23:59:59.999999-0500,2025-12-01T05:00:00.000000+0000,2026-01-01T04:59:59.999999+0000,200,none,4182,4182,2025-12-01T09:00:00.000000+0000,2026-01-01T00:55:00.000000+0000,2025-12-01T09:00:00.000000+0000,2026-01-01T00:55:00.000000+0000,0,21,21,1638,1638,1638,42,2502,100.0,0,0,0.0,0,0.0,0,0,,bad02a6c83262190b953806453dfeea6b910389566cdca1e5c2b8bae626408cd,honored_exactly,inconsistent,passed,,,2,True,True,False,False
window-2025-12-SPY-sip-rep2,SPY,sip,2,2025-12-01T00:00:00.000000-0500,2025-12-31T23:59:59.999999-0500,2025-12-01T05:00:00.000000+0000,2026-01-01T04:59:59.999999+0000,200,none,4182,4182,2025-12-01T09:00:00.000000+0000,2026-01-01T00:55:00.000000+0000,2025-12-01T09:00:00.000000+0000,2026-01-01T00:55:00.000000+0000,0,21,21,1638,1638,1638,42,2502,100.0,0,0,0.0,0,0.0,0,0,,bad02a6c83262190b953806453dfeea6b910389566cdca1e5c2b8bae626408cd,honored_exactly,inconsistent,passed,,,2,True,True,False,False
window-2025-12-SPY-iex-rep1,SPY,iex,1,2025-12-01T00:00:00.000000-0500,2025-12-31T23:59:59.999999-0500,2025-12-01T05:00:00.000000+0000,2026-01-01T04:59:59.999999+0000,200,none,1967,1967,2025-12-01T13:00:00.000000+0000,2025-12-31T20:55:00.000000+0000,2025-12-01T13:00:00.000000+0000,2025-12-31T20:55:00.000000+0000,0,21,21,1638,1638,1638,42,287,100.0,0,0,0.0,0,0.0,0,0,,6544e4776acd973ed8e0b0cef109f30c8398ecc78308e2c989efc85000277b7e,honored_exactly,inconsistent,passed,,,1,False,True,False,False
window-2025-12-SPY-iex-rep2,SPY,iex,2,2025-12-01T00:00:00.000000-0500,2025-12-31T23:59:59.999999-0500,2025-12-01T05:00:00.000000+0000,2026-01-01T04:59:59.999999+0000,200,none,1967,1967,2025-12-01T13:00:00.000000+0000,2025-12-31T20:55:00.000000+0000,2025-12-01T13:00:00.000000+0000,2025-12-31T20:55:00.000000+0000,0,21,21,1638,1638,1638,42,287,100.0,0,0,0.0,0,0.0,0,0,,6544e4776acd973ed8e0b0cef109f30c8398ecc78308e2c989efc85000277b7e,honored_exactly,inconsistent,passed,,,1,False,True,False,False
window-2025-12-AAPL-sip-rep1,AAPL,sip,1,2025-12-01T00:00:00.000000-0500,2025-12-31T23:59:59.999999-0500,2025-12-01T05:00:00.000000+0000,2026-01-01T04:59:59.999999+0000,200,none,3821,3821,2025-12-01T09:00:00.000000+0000,2026-01-01T00:55:00.000000+0000,2025-12-01T09:00:00.000000+0000,2026-01-01T00:55:00.000000+0000,0,21,21,1638,1638,1638,42,2141,100.0,0,0,0.0,0,0.0,0,0,,7cb028f015d41d6a80d465738d6e0a31b5e01dedda0b572a7d8a47ff0b09a010,honored_exactly,inconsistent,passed,,,2,True,True,False,False
window-2025-12-AAPL-sip-rep2,AAPL,sip,2,2025-12-01T00:00:00.000000-0500,2025-12-31T23:59:59.999999-0500,2025-12-01T05:00:00.000000+0000,2026-01-01T04:59:59.999999+0000,200,none,3821,3821,2025-12-01T09:00:00.000000+0000,2026-01-01T00:55:00.000000+0000,2025-12-01T09:00:00.000000+0000,2026-01-01T00:55:00.000000+0000,0,21,21,1638,1638,1638,42,2141,100.0,0,0,0.0,0,0.0,0,0,,7cb028f015d41d6a80d465738d6e0a31b5e01dedda0b572a7d8a47ff0b09a010,honored_exactly,inconsistent,passed,,,2,True,True,False,False
window-2025-12-AAPL-iex-rep1,AAPL,iex,1,2025-12-01T00:00:00.000000-0500,2025-12-31T23:59:59.999999-0500,2025-12-01T05:00:00.000000+0000,2026-01-01T04:59:59.999999+0000,200,none,1692,1692,2025-12-01T14:30:00.000000+0000,2025-12-31T20:55:00.000000+0000,2025-12-01T14:30:00.000000+0000,2025-12-31T20:55:00.000000+0000,0,21,21,1638,1638,1638,42,12,100.0,0,0,0.0,0,0.0,0,0,,ea73fb40db69c128067d5b47b4564d37a38d0300fcbcb4a19224d015312e3865,honored_exactly,inconsistent,passed,,,1,False,True,False,False
window-2025-12-AAPL-iex-rep2,AAPL,iex,2,2025-12-01T00:00:00.000000-0500,2025-12-31T23:59:59.999999-0500,2025-12-01T05:00:00.000000+0000,2026-01-01T04:59:59.999999+0000,200,none,1692,1692,2025-12-01T14:30:00.000000+0000,2025-12-31T20:55:00.000000+0000,2025-12-01T14:30:00.000000+0000,2025-12-31T20:55:00.000000+0000,0,21,21,1638,1638,1638,42,12,100.0,0,0,0.0,0,0.0,0,0,,ea73fb40db69c128067d5b47b4564d37a38d0300fcbcb4a19224d015312e3865,honored_exactly,inconsistent,passed,,,1,False,True,False,False
window-2025-12-JPM-sip-rep1,JPM,sip,1,2025-12-01T00:00:00.000000-0500,2025-12-31T23:59:59.999999-0500,2025-12-01T05:00:00.000000+0000,2026-01-01T04:59:59.999999+0000,200,none,2718,2718,2025-12-01T09:20:00.000000+0000,2025-12-31T23:20:00.000000+0000,2025-12-01T09:20:00.000000+0000,2025-12-31T23:20:00.000000+0000,0,21,21,1638,1638,1638,42,1038,100.0,0,0,0.0,0,0.0,0,0,,5631d686c29eb9a877eaf8c164863158275f4efcd5de7b81ee00631113c82e1d,honored_exactly,inconsistent,passed,,,2,True,True,False,False
window-2025-12-JPM-sip-rep2,JPM,sip,2,2025-12-01T00:00:00.000000-0500,2025-12-31T23:59:59.999999-0500,2025-12-01T05:00:00.000000+0000,2026-01-01T04:59:59.999999+0000,200,none,2718,2718,2025-12-01T09:20:00.000000+0000,2025-12-31T23:20:00.000000+0000,2025-12-01T09:20:00.000000+0000,2025-12-31T23:20:00.000000+0000,0,21,21,1638,1638,1638,42,1038,100.0,0,0,0.0,0,0.0,0,0,,5631d686c29eb9a877eaf8c164863158275f4efcd5de7b81ee00631113c82e1d,honored_exactly,inconsistent,passed,,,2,True,True,False,False
window-2025-12-JPM-iex-rep1,JPM,iex,1,2025-12-01T00:00:00.000000-0500,2025-12-31T23:59:59.999999-0500,2025-12-01T05:00:00.000000+0000,2026-01-01T04:59:59.999999+0000,200,none,1679,1679,2025-12-01T14:30:00.000000+0000,2025-12-31T20:55:00.000000+0000,2025-12-01T14:30:00.000000+0000,2025-12-31T20:55:00.000000+0000,0,21,21,1638,1636,1636,42,1,99.87789987789988,2,0,0.0,0,0.0,0,0,,c94e1d4ab56cebe6e21c3a034d182d9ffc02ff0f75d503bb90c2fe56ea54837c,honored_exactly,bar_start,passed,,,1,False,True,False,False
window-2025-12-JPM-iex-rep2,JPM,iex,2,2025-12-01T00:00:00.000000-0500,2025-12-31T23:59:59.999999-0500,2025-12-01T05:00:00.000000+0000,2026-01-01T04:59:59.999999+0000,200,none,1679,1679,2025-12-01T14:30:00.000000+0000,2025-12-31T20:55:00.000000+0000,2025-12-01T14:30:00.000000+0000,2025-12-31T20:55:00.000000+0000,0,21,21,1638,1636,1636,42,1,99.87789987789988,2,0,0.0,0,0.0,0,0,,c94e1d4ab56cebe6e21c3a034d182d9ffc02ff0f75d503bb90c2fe56ea54837c,honored_exactly,bar_start,passed,,,1,False,True,False,False
overlap-left-SPY-sip-rep1,SPY,sip,1,2024-06-03T00:00:00.000000-0400,2024-06-14T23:59:59.999999-0400,2024-06-03T04:00:00.000000+0000,2024-06-15T03:59:59.999999+0000,200,none,1858,1858,2024-06-03T08:00:00.000000+0000,2024-06-15T00:00:00.000000+0000,2024-06-03T08:00:00.000000+0000,2024-06-15T00:00:00.000000+0000,0,10,10,780,780,780,0,1078,100.0,0,0,0.0,0,0.0,0,0,,cf7deecf81c996b2b5d918c615d50447236ca0dc1bf22c1d5e038fb3511a45da,honored_exactly,inconsistent,passed,,,1,False,True,False,False
overlap-left-SPY-sip-rep2,SPY,sip,2,2024-06-03T00:00:00.000000-0400,2024-06-14T23:59:59.999999-0400,2024-06-03T04:00:00.000000+0000,2024-06-15T03:59:59.999999+0000,200,none,1858,1858,2024-06-03T08:00:00.000000+0000,2024-06-15T00:00:00.000000+0000,2024-06-03T08:00:00.000000+0000,2024-06-15T00:00:00.000000+0000,0,10,10,780,780,780,0,1078,100.0,0,0,0.0,0,0.0,0,0,,cf7deecf81c996b2b5d918c615d50447236ca0dc1bf22c1d5e038fb3511a45da,honored_exactly,inconsistent,passed,,,1,False,True,False,False
overlap-left-SPY-iex-rep1,SPY,iex,1,2024-06-03T00:00:00.000000-0400,2024-06-14T23:59:59.999999-0400,2024-06-03T04:00:00.000000+0000,2024-06-15T03:59:59.999999+0000,200,none,790,790,2024-06-03T13:30:00.000000+0000,2024-06-14T20:00:00.000000+0000,2024-06-03T13:30:00.000000+0000,2024-06-14T20:00:00.000000+0000,0,10,10,780,779,779,0,11,99.87179487179488,1,0,0.0,0,0.0,0,0,,917dbca1b1e1552feee94022f54f44c2ef74c489ff1af08e9e4ddc4fab50d0a2,honored_exactly,inconsistent,passed,,,1,False,True,False,False
overlap-left-SPY-iex-rep2,SPY,iex,2,2024-06-03T00:00:00.000000-0400,2024-06-14T23:59:59.999999-0400,2024-06-03T04:00:00.000000+0000,2024-06-15T03:59:59.999999+0000,200,none,790,790,2024-06-03T13:30:00.000000+0000,2024-06-14T20:00:00.000000+0000,2024-06-03T13:30:00.000000+0000,2024-06-14T20:00:00.000000+0000,0,10,10,780,779,779,0,11,99.87179487179488,1,0,0.0,0,0.0,0,0,,917dbca1b1e1552feee94022f54f44c2ef74c489ff1af08e9e4ddc4fab50d0a2,honored_exactly,inconsistent,passed,,,1,False,True,False,False
overlap-right-SPY-sip-rep1,SPY,sip,1,2024-06-10T00:00:00.000000-0400,2024-06-28T23:59:59.999999-0400,2024-06-10T04:00:00.000000+0000,2024-06-29T03:59:59.999999+0000,200,none,2595,2595,2024-06-10T08:00:00.000000+0000,2024-06-28T23:55:00.000000+0000,2024-06-10T08:00:00.000000+0000,2024-06-28T23:55:00.000000+0000,0,14,14,1092,1092,1092,0,1503,100.0,0,0,0.0,0,0.0,0,0,,683bfa975143343348165579e178f235af2b1c3f31b9fe4d77169200382cbe33,honored_exactly,inconsistent,passed,,,2,True,True,False,False
overlap-right-SPY-sip-rep2,SPY,sip,2,2024-06-10T00:00:00.000000-0400,2024-06-28T23:59:59.999999-0400,2024-06-10T04:00:00.000000+0000,2024-06-29T03:59:59.999999+0000,200,none,2595,2595,2024-06-10T08:00:00.000000+0000,2024-06-28T23:55:00.000000+0000,2024-06-10T08:00:00.000000+0000,2024-06-28T23:55:00.000000+0000,0,14,14,1092,1092,1092,0,1503,100.0,0,0,0.0,0,0.0,0,0,,683bfa975143343348165579e178f235af2b1c3f31b9fe4d77169200382cbe33,honored_exactly,inconsistent,passed,,,2,True,True,False,False
overlap-right-SPY-iex-rep1,SPY,iex,1,2024-06-10T00:00:00.000000-0400,2024-06-28T23:59:59.999999-0400,2024-06-10T04:00:00.000000+0000,2024-06-29T03:59:59.999999+0000,200,none,1106,1106,2024-06-10T13:30:00.000000+0000,2024-06-28T19:55:00.000000+0000,2024-06-10T13:30:00.000000+0000,2024-06-28T19:55:00.000000+0000,0,14,14,1092,1091,1091,0,15,99.9084249084249,1,0,0.0,0,0.0,0,0,,8140907e32b391ac6caa32e7c52dc5cd7af66668996d46ab8110502901dc7fb8,honored_exactly,inconsistent,passed,,,1,False,True,False,False
overlap-right-SPY-iex-rep2,SPY,iex,2,2024-06-10T00:00:00.000000-0400,2024-06-28T23:59:59.999999-0400,2024-06-10T04:00:00.000000+0000,2024-06-29T03:59:59.999999+0000,200,none,1106,1106,2024-06-10T13:30:00.000000+0000,2024-06-28T19:55:00.000000+0000,2024-06-10T13:30:00.000000+0000,2024-06-28T19:55:00.000000+0000,0,14,14,1092,1091,1091,0,15,99.9084249084249,1,0,0.0,0,0.0,0,0,,8140907e32b391ac6caa32e7c52dc5cd7af66668996d46ab8110502901dc7fb8,honored_exactly,inconsistent,passed,,,1,False,True,False,False
