probe_id,symbol,method,repetition,requested_eastern_start,requested_eastern_end,requested_utc_start,requested_utc_end,http_status,safe_error_classification,raw_candle_count,normalized_candle_count,raw_earliest_timestamp,raw_latest_timestamp,requested_range_earliest,requested_range_latest,out_of_range_candles,unique_regular_sessions,expected_eligible_sessions,expected_regular_session_bars,returned_regular_session_bars,primary_session_bars,early_close_session_bars,extended_hours_bars,regular_session_coverage_pct,missing_regular_session_bars,duplicate_timestamps,duplicate_bar_rate_pct,zero_volume_bars,zero_volume_rate_pct,invalid_ohlc_rows,non_five_minute_intervals,candle_payload_sha256,requested_range_normalized_sha256,date_bound_classification,timestamp_semantics_classification,threshold_result,retry_after_seconds,notes
full-SPY-convenience_every_five_minutes-rep1,SPY,convenience_every_five_minutes,1,2022-01-03T00:00:00.000000-0500,2025-12-31T23:59:59.999999-0500,2022-01-03T05:00:00.000000+0000,2026-01-01T04:59:59.999999+0000,200,none,2262,2262,2025-11-19T14:30:00.000000+0000,2025-12-31T20:55:00.000000+0000,2025-11-19T14:30:00.000000+0000,2025-12-31T20:55:00.000000+0000,0,27,994,77532,2106,2106,84,72,2.716297786720322,75426,0,0.0,0,0.0,0,0,4f41780e13e06617096988d1e142e9e4a4b4281c2a69a0cf76c1c7abdba23415,6124ab869547181cbbfc1ba44d8579a84865e5a4304900f0477b0499ee44f38d,clipped_to_recent_history,bar_start,failed,,
full-SPY-convenience_every_five_minutes-rep2,SPY,convenience_every_five_minutes,2,2022-01-03T00:00:00.000000-0500,2025-12-31T23:59:59.999999-0500,2022-01-03T05:00:00.000000+0000,2026-01-01T04:59:59.999999+0000,200,none,2262,2262,2025-11-19T14:30:00.000000+0000,2025-12-31T20:55:00.000000+0000,2025-11-19T14:30:00.000000+0000,2025-12-31T20:55:00.000000+0000,0,27,994,77532,2106,2106,84,72,2.716297786720322,75426,0,0.0,0,0.0,0,0,4f41780e13e06617096988d1e142e9e4a4b4281c2a69a0cf76c1c7abdba23415,6124ab869547181cbbfc1ba44d8579a84865e5a4304900f0477b0499ee44f38d,clipped_to_recent_history,bar_start,failed,,
full-SPY-raw_price_history_five_minutes-rep1,SPY,raw_price_history_five_minutes,1,2022-01-03T00:00:00.000000-0500,2025-12-31T23:59:59.999999-0500,2022-01-03T05:00:00.000000+0000,2026-01-01T04:59:59.999999+0000,200,none,2262,2262,2025-11-19T14:30:00.000000+0000,2025-12-31T20:55:00.000000+0000,2025-11-19T14:30:00.000000+0000,2025-12-31T20:55:00.000000+0000,0,27,994,77532,2106,2106,84,72,2.716297786720322,75426,0,0.0,0,0.0,0,0,4f41780e13e06617096988d1e142e9e4a4b4281c2a69a0cf76c1c7abdba23415,6124ab869547181cbbfc1ba44d8579a84865e5a4304900f0477b0499ee44f38d,clipped_to_recent_history,bar_start,failed,,
full-SPY-raw_price_history_five_minutes-rep2,SPY,raw_price_history_five_minutes,2,2022-01-03T00:00:00.000000-0500,2025-12-31T23:59:59.999999-0500,2022-01-03T05:00:00.000000+0000,2026-01-01T04:59:59.999999+0000,200,none,2262,2262,2025-11-19T14:30:00.000000+0000,2025-12-31T20:55:00.000000+0000,2025-11-19T14:30:00.000000+0000,2025-12-31T20:55:00.000000+0000,0,27,994,77532,2106,2106,84,72,2.716297786720322,75426,0,0.0,0,0.0,0,0,4f41780e13e06617096988d1e142e9e4a4b4281c2a69a0cf76c1c7abdba23415,6124ab869547181cbbfc1ba44d8579a84865e5a4304900f0477b0499ee44f38d,clipped_to_recent_history,bar_start,failed,,
window-2022-02-SPY-convenience_every_five_minutes-rep1,SPY,convenience_every_five_minutes,1,2022-02-01T00:00:00.000000-0500,2022-02-28T23:59:59.999999-0500,2022-02-01T05:00:00.000000+0000,2022-03-01T04:59:59.999999+0000,200,none,0,0,,,,,0,0,19,1482,0,0,0,0,0.0,1482,0,0.0,0,0.0,0,0,cf6083798411369dbd4e61a4b2aef8289b9bfccd4443e861a5a87b91fbabb0d0,e3b0c44298fc1c149afbf4c8996fb92427ae41e4649b934ca495991b7852b855,empty,undetermined,failed,,
window-2022-02-SPY-convenience_every_five_minutes-rep2,SPY,convenience_every_five_minutes,2,2022-02-01T00:00:00.000000-0500,2022-02-28T23:59:59.999999-0500,2022-02-01T05:00:00.000000+0000,2022-03-01T04:59:59.999999+0000,200,none,0,0,,,,,0,0,19,1482,0,0,0,0,0.0,1482,0,0.0,0,0.0,0,0,cf6083798411369dbd4e61a4b2aef8289b9bfccd4443e861a5a87b91fbabb0d0,e3b0c44298fc1c149afbf4c8996fb92427ae41e4649b934ca495991b7852b855,empty,undetermined,failed,,
window-2022-02-SPY-raw_price_history_five_minutes-rep1,SPY,raw_price_history_five_minutes,1,2022-02-01T00:00:00.000000-0500,2022-02-28T23:59:59.999999-0500,2022-02-01T05:00:00.000000+0000,2022-03-01T04:59:59.999999+0000,200,none,0,0,,,,,0,0,19,1482,0,0,0,0,0.0,1482,0,0.0,0,0.0,0,0,cf6083798411369dbd4e61a4b2aef8289b9bfccd4443e861a5a87b91fbabb0d0,e3b0c44298fc1c149afbf4c8996fb92427ae41e4649b934ca495991b7852b855,empty,undetermined,failed,,
window-2022-02-SPY-raw_price_history_five_minutes-rep2,SPY,raw_price_history_five_minutes,2,2022-02-01T00:00:00.000000-0500,2022-02-28T23:59:59.999999-0500,2022-02-01T05:00:00.000000+0000,2022-03-01T04:59:59.999999+0000,200,none,0,0,,,,,0,0,19,1482,0,0,0,0,0.0,1482,0,0.0,0,0.0,0,0,cf6083798411369dbd4e61a4b2aef8289b9bfccd4443e861a5a87b91fbabb0d0,e3b0c44298fc1c149afbf4c8996fb92427ae41e4649b934ca495991b7852b855,empty,undetermined,failed,,
window-2022-02-AAPL-convenience_every_five_minutes-rep1,AAPL,convenience_every_five_minutes,1,2022-02-01T00:00:00.000000-0500,2022-02-28T23:59:59.999999-0500,2022-02-01T05:00:00.000000+0000,2022-03-01T04:59:59.999999+0000,200,none,0,0,,,,,0,0,19,1482,0,0,0,0,0.0,1482,0,0.0,0,0.0,0,0,26b88a82b0955db78222a76cd244a7987c4282887e497658ef0cc7c58173f85a,e3b0c44298fc1c149afbf4c8996fb92427ae41e4649b934ca495991b7852b855,empty,undetermined,failed,,
window-2022-02-AAPL-convenience_every_five_minutes-rep2,AAPL,convenience_every_five_minutes,2,2022-02-01T00:00:00.000000-0500,2022-02-28T23:59:59.999999-0500,2022-02-01T05:00:00.000000+0000,2022-03-01T04:59:59.999999+0000,200,none,0,0,,,,,0,0,19,1482,0,0,0,0,0.0,1482,0,0.0,0,0.0,0,0,26b88a82b0955db78222a76cd244a7987c4282887e497658ef0cc7c58173f85a,e3b0c44298fc1c149afbf4c8996fb92427ae41e4649b934ca495991b7852b855,empty,undetermined,failed,,
window-2022-02-AAPL-raw_price_history_five_minutes-rep1,AAPL,raw_price_history_five_minutes,1,2022-02-01T00:00:00.000000-0500,2022-02-28T23:59:59.999999-0500,2022-02-01T05:00:00.000000+0000,2022-03-01T04:59:59.999999+0000,200,none,0,0,,,,,0,0,19,1482,0,0,0,0,0.0,1482,0,0.0,0,0.0,0,0,26b88a82b0955db78222a76cd244a7987c4282887e497658ef0cc7c58173f85a,e3b0c44298fc1c149afbf4c8996fb92427ae41e4649b934ca495991b7852b855,empty,undetermined,failed,,
window-2022-02-AAPL-raw_price_history_five_minutes-rep2,AAPL,raw_price_history_five_minutes,2,2022-02-01T00:00:00.000000-0500,2022-02-28T23:59:59.999999-0500,2022-02-01T05:00:00.000000+0000,2022-03-01T04:59:59.999999+0000,200,none,0,0,,,,,0,0,19,1482,0,0,0,0,0.0,1482,0,0.0,0,0.0,0,0,26b88a82b0955db78222a76cd244a7987c4282887e497658ef0cc7c58173f85a,e3b0c44298fc1c149afbf4c8996fb92427ae41e4649b934ca495991b7852b855,empty,undetermined,failed,,
window-2022-02-JPM-convenience_every_five_minutes-rep1,JPM,convenience_every_five_minutes,1,2022-02-01T00:00:00.000000-0500,2022-02-28T23:59:59.999999-0500,2022-02-01T05:00:00.000000+0000,2022-03-01T04:59:59.999999+0000,200,none,0,0,,,,,0,0,19,1482,0,0,0,0,0.0,1482,0,0.0,0,0.0,0,0,af20ccd8dd058e51531bb9c113774df8af77dacd547d45c5ebe74902075b3e8a,e3b0c44298fc1c149afbf4c8996fb92427ae41e4649b934ca495991b7852b855,empty,undetermined,failed,,
window-2022-02-JPM-convenience_every_five_minutes-rep2,JPM,convenience_every_five_minutes,2,2022-02-01T00:00:00.000000-0500,2022-02-28T23:59:59.999999-0500,2022-02-01T05:00:00.000000+0000,2022-03-01T04:59:59.999999+0000,200,none,0,0,,,,,0,0,19,1482,0,0,0,0,0.0,1482,0,0.0,0,0.0,0,0,af20ccd8dd058e51531bb9c113774df8af77dacd547d45c5ebe74902075b3e8a,e3b0c44298fc1c149afbf4c8996fb92427ae41e4649b934ca495991b7852b855,empty,undetermined,failed,,
window-2022-02-JPM-raw_price_history_five_minutes-rep1,JPM,raw_price_history_five_minutes,1,2022-02-01T00:00:00.000000-0500,2022-02-28T23:59:59.999999-0500,2022-02-01T05:00:00.000000+0000,2022-03-01T04:59:59.999999+0000,200,none,0,0,,,,,0,0,19,1482,0,0,0,0,0.0,1482,0,0.0,0,0.0,0,0,af20ccd8dd058e51531bb9c113774df8af77dacd547d45c5ebe74902075b3e8a,e3b0c44298fc1c149afbf4c8996fb92427ae41e4649b934ca495991b7852b855,empty,undetermined,failed,,
window-2022-02-JPM-raw_price_history_five_minutes-rep2,JPM,raw_price_history_five_minutes,2,2022-02-01T00:00:00.000000-0500,2022-02-28T23:59:59.999999-0500,2022-02-01T05:00:00.000000+0000,2022-03-01T04:59:59.999999+0000,200,none,0,0,,,,,0,0,19,1482,0,0,0,0,0.0,1482,0,0.0,0,0.0,0,0,af20ccd8dd058e51531bb9c113774df8af77dacd547d45c5ebe74902075b3e8a,e3b0c44298fc1c149afbf4c8996fb92427ae41e4649b934ca495991b7852b855,empty,undetermined,failed,,
window-2023-08-SPY-convenience_every_five_minutes-rep1,SPY,convenience_every_five_minutes,1,2023-08-01T00:00:00.000000-0400,2023-08-31T23:59:59.999999-0400,2023-08-01T04:00:00.000000+0000,2023-09-01T03:59:59.999999+0000,200,none,0,0,,,,,0,0,23,1794,0,0,0,0,0.0,1794,0,0.0,0,0.0,0,0,cf6083798411369dbd4e61a4b2aef8289b9bfccd4443e861a5a87b91fbabb0d0,e3b0c44298fc1c149afbf4c8996fb92427ae41e4649b934ca495991b7852b855,empty,undetermined,failed,,
window-2023-08-SPY-convenience_every_five_minutes-rep2,SPY,convenience_every_five_minutes,2,2023-08-01T00:00:00.000000-0400,2023-08-31T23:59:59.999999-0400,2023-08-01T04:00:00.000000+0000,2023-09-01T03:59:59.999999+0000,200,none,0,0,,,,,0,0,23,1794,0,0,0,0,0.0,1794,0,0.0,0,0.0,0,0,cf6083798411369dbd4e61a4b2aef8289b9bfccd4443e861a5a87b91fbabb0d0,e3b0c44298fc1c149afbf4c8996fb92427ae41e4649b934ca495991b7852b855,empty,undetermined,failed,,
window-2023-08-SPY-raw_price_history_five_minutes-rep1,SPY,raw_price_history_five_minutes,1,2023-08-01T00:00:00.000000-0400,2023-08-31T23:59:59.999999-0400,2023-08-01T04:00:00.000000+0000,2023-09-01T03:59:59.999999+0000,200,none,0,0,,,,,0,0,23,1794,0,0,0,0,0.0,1794,0,0.0,0,0.0,0,0,cf6083798411369dbd4e61a4b2aef8289b9bfccd4443e861a5a87b91fbabb0d0,e3b0c44298fc1c149afbf4c8996fb92427ae41e4649b934ca495991b7852b855,empty,undetermined,failed,,
window-2023-08-SPY-raw_price_history_five_minutes-rep2,SPY,raw_price_history_five_minutes,2,2023-08-01T00:00:00.000000-0400,2023-08-31T23:59:59.999999-0400,2023-08-01T04:00:00.000000+0000,2023-09-01T03:59:59.999999+0000,200,none,0,0,,,,,0,0,23,1794,0,0,0,0,0.0,1794,0,0.0,0,0.0,0,0,cf6083798411369dbd4e61a4b2aef8289b9bfccd4443e861a5a87b91fbabb0d0,e3b0c44298fc1c149afbf4c8996fb92427ae41e4649b934ca495991b7852b855,empty,undetermined,failed,,
window-2023-08-AAPL-convenience_every_five_minutes-rep1,AAPL,convenience_every_five_minutes,1,2023-08-01T00:00:00.000000-0400,2023-08-31T23:59:59.999999-0400,2023-08-01T04:00:00.000000+0000,2023-09-01T03:59:59.999999+0000,200,none,0,0,,,,,0,0,23,1794,0,0,0,0,0.0,1794,0,0.0,0,0.0,0,0,26b88a82b0955db78222a76cd244a7987c4282887e497658ef0cc7c58173f85a,e3b0c44298fc1c149afbf4c8996fb92427ae41e4649b934ca495991b7852b855,empty,undetermined,failed,,
window-2023-08-AAPL-convenience_every_five_minutes-rep2,AAPL,convenience_every_five_minutes,2,2023-08-01T00:00:00.000000-0400,2023-08-31T23:59:59.999999-0400,2023-08-01T04:00:00.000000+0000,2023-09-01T03:59:59.999999+0000,200,none,0,0,,,,,0,0,23,1794,0,0,0,0,0.0,1794,0,0.0,0,0.0,0,0,26b88a82b0955db78222a76cd244a7987c4282887e497658ef0cc7c58173f85a,e3b0c44298fc1c149afbf4c8996fb92427ae41e4649b934ca495991b7852b855,empty,undetermined,failed,,
window-2023-08-AAPL-raw_price_history_five_minutes-rep1,AAPL,raw_price_history_five_minutes,1,2023-08-01T00:00:00.000000-0400,2023-08-31T23:59:59.999999-0400,2023-08-01T04:00:00.000000+0000,2023-09-01T03:59:59.999999+0000,200,none,0,0,,,,,0,0,23,1794,0,0,0,0,0.0,1794,0,0.0,0,0.0,0,0,26b88a82b0955db78222a76cd244a7987c4282887e497658ef0cc7c58173f85a,e3b0c44298fc1c149afbf4c8996fb92427ae41e4649b934ca495991b7852b855,empty,undetermined,failed,,
window-2023-08-AAPL-raw_price_history_five_minutes-rep2,AAPL,raw_price_history_five_minutes,2,2023-08-01T00:00:00.000000-0400,2023-08-31T23:59:59.999999-0400,2023-08-01T04:00:00.000000+0000,2023-09-01T03:59:59.999999+0000,200,none,0,0,,,,,0,0,23,1794,0,0,0,0,0.0,1794,0,0.0,0,0.0,0,0,26b88a82b0955db78222a76cd244a7987c4282887e497658ef0cc7c58173f85a,e3b0c44298fc1c149afbf4c8996fb92427ae41e4649b934ca495991b7852b855,empty,undetermined,failed,,
window-2023-08-JPM-convenience_every_five_minutes-rep1,JPM,convenience_every_five_minutes,1,2023-08-01T00:00:00.000000-0400,2023-08-31T23:59:59.999999-0400,2023-08-01T04:00:00.000000+0000,2023-09-01T03:59:59.999999+0000,200,none,0,0,,,,,0,0,23,1794,0,0,0,0,0.0,1794,0,0.0,0,0.0,0,0,af20ccd8dd058e51531bb9c113774df8af77dacd547d45c5ebe74902075b3e8a,e3b0c44298fc1c149afbf4c8996fb92427ae41e4649b934ca495991b7852b855,empty,undetermined,failed,,
window-2023-08-JPM-convenience_every_five_minutes-rep2,JPM,convenience_every_five_minutes,2,2023-08-01T00:00:00.000000-0400,2023-08-31T23:59:59.999999-0400,2023-08-01T04:00:00.000000+0000,2023-09-01T03:59:59.999999+0000,200,none,0,0,,,,,0,0,23,1794,0,0,0,0,0.0,1794,0,0.0,0,0.0,0,0,af20ccd8dd058e51531bb9c113774df8af77dacd547d45c5ebe74902075b3e8a,e3b0c44298fc1c149afbf4c8996fb92427ae41e4649b934ca495991b7852b855,empty,undetermined,failed,,
window-2023-08-JPM-raw_price_history_five_minutes-rep1,JPM,raw_price_history_five_minutes,1,2023-08-01T00:00:00.000000-0400,2023-08-31T23:59:59.999999-0400,2023-08-01T04:00:00.000000+0000,2023-09-01T03:59:59.999999+0000,200,none,0,0,,,,,0,0,23,1794,0,0,0,0,0.0,1794,0,0.0,0,0.0,0,0,af20ccd8dd058e51531bb9c113774df8af77dacd547d45c5ebe74902075b3e8a,e3b0c44298fc1c149afbf4c8996fb92427ae41e4649b934ca495991b7852b855,empty,undetermined,failed,,
window-2023-08-JPM-raw_price_history_five_minutes-rep2,JPM,raw_price_history_five_minutes,2,2023-08-01T00:00:00.000000-0400,2023-08-31T23:59:59.999999-0400,2023-08-01T04:00:00.000000+0000,2023-09-01T03:59:59.999999+0000,200,none,0,0,,,,,0,0,23,1794,0,0,0,0,0.0,1794,0,0.0,0,0.0,0,0,af20ccd8dd058e51531bb9c113774df8af77dacd547d45c5ebe74902075b3e8a,e3b0c44298fc1c149afbf4c8996fb92427ae41e4649b934ca495991b7852b855,empty,undetermined,failed,,
window-2024-06-SPY-convenience_every_five_minutes-rep1,SPY,convenience_every_five_minutes,1,2024-06-03T00:00:00.000000-0400,2024-06-28T23:59:59.999999-0400,2024-06-03T04:00:00.000000+0000,2024-06-29T03:59:59.999999+0000,200,none,0,0,,,,,0,0,19,1482,0,0,0,0,0.0,1482,0,0.0,0,0.0,0,0,cf6083798411369dbd4e61a4b2aef8289b9bfccd4443e861a5a87b91fbabb0d0,e3b0c44298fc1c149afbf4c8996fb92427ae41e4649b934ca495991b7852b855,empty,undetermined,failed,,
window-2024-06-SPY-convenience_every_five_minutes-rep2,SPY,convenience_every_five_minutes,2,2024-06-03T00:00:00.000000-0400,2024-06-28T23:59:59.999999-0400,2024-06-03T04:00:00.000000+0000,2024-06-29T03:59:59.999999+0000,200,none,0,0,,,,,0,0,19,1482,0,0,0,0,0.0,1482,0,0.0,0,0.0,0,0,cf6083798411369dbd4e61a4b2aef8289b9bfccd4443e861a5a87b91fbabb0d0,e3b0c44298fc1c149afbf4c8996fb92427ae41e4649b934ca495991b7852b855,empty,undetermined,failed,,
window-2024-06-SPY-raw_price_history_five_minutes-rep1,SPY,raw_price_history_five_minutes,1,2024-06-03T00:00:00.000000-0400,2024-06-28T23:59:59.999999-0400,2024-06-03T04:00:00.000000+0000,2024-06-29T03:59:59.999999+0000,200,none,0,0,,,,,0,0,19,1482,0,0,0,0,0.0,1482,0,0.0,0,0.0,0,0,cf6083798411369dbd4e61a4b2aef8289b9bfccd4443e861a5a87b91fbabb0d0,e3b0c44298fc1c149afbf4c8996fb92427ae41e4649b934ca495991b7852b855,empty,undetermined,failed,,
window-2024-06-SPY-raw_price_history_five_minutes-rep2,SPY,raw_price_history_five_minutes,2,2024-06-03T00:00:00.000000-0400,2024-06-28T23:59:59.999999-0400,2024-06-03T04:00:00.000000+0000,2024-06-29T03:59:59.999999+0000,200,none,0,0,,,,,0,0,19,1482,0,0,0,0,0.0,1482,0,0.0,0,0.0,0,0,cf6083798411369dbd4e61a4b2aef8289b9bfccd4443e861a5a87b91fbabb0d0,e3b0c44298fc1c149afbf4c8996fb92427ae41e4649b934ca495991b7852b855,empty,undetermined,failed,,
window-2024-06-AAPL-convenience_every_five_minutes-rep1,AAPL,convenience_every_five_minutes,1,2024-06-03T00:00:00.000000-0400,2024-06-28T23:59:59.999999-0400,2024-06-03T04:00:00.000000+0000,2024-06-29T03:59:59.999999+0000,200,none,0,0,,,,,0,0,19,1482,0,0,0,0,0.0,1482,0,0.0,0,0.0,0,0,26b88a82b0955db78222a76cd244a7987c4282887e497658ef0cc7c58173f85a,e3b0c44298fc1c149afbf4c8996fb92427ae41e4649b934ca495991b7852b855,empty,undetermined,failed,,
window-2024-06-AAPL-convenience_every_five_minutes-rep2,AAPL,convenience_every_five_minutes,2,2024-06-03T00:00:00.000000-0400,2024-06-28T23:59:59.999999-0400,2024-06-03T04:00:00.000000+0000,2024-06-29T03:59:59.999999+0000,200,none,0,0,,,,,0,0,19,1482,0,0,0,0,0.0,1482,0,0.0,0,0.0,0,0,26b88a82b0955db78222a76cd244a7987c4282887e497658ef0cc7c58173f85a,e3b0c44298fc1c149afbf4c8996fb92427ae41e4649b934ca495991b7852b855,empty,undetermined,failed,,
window-2024-06-AAPL-raw_price_history_five_minutes-rep1,AAPL,raw_price_history_five_minutes,1,2024-06-03T00:00:00.000000-0400,2024-06-28T23:59:59.999999-0400,2024-06-03T04:00:00.000000+0000,2024-06-29T03:59:59.999999+0000,200,none,0,0,,,,,0,0,19,1482,0,0,0,0,0.0,1482,0,0.0,0,0.0,0,0,26b88a82b0955db78222a76cd244a7987c4282887e497658ef0cc7c58173f85a,e3b0c44298fc1c149afbf4c8996fb92427ae41e4649b934ca495991b7852b855,empty,undetermined,failed,,
window-2024-06-AAPL-raw_price_history_five_minutes-rep2,AAPL,raw_price_history_five_minutes,2,2024-06-03T00:00:00.000000-0400,2024-06-28T23:59:59.999999-0400,2024-06-03T04:00:00.000000+0000,2024-06-29T03:59:59.999999+0000,200,none,0,0,,,,,0,0,19,1482,0,0,0,0,0.0,1482,0,0.0,0,0.0,0,0,26b88a82b0955db78222a76cd244a7987c4282887e497658ef0cc7c58173f85a,e3b0c44298fc1c149afbf4c8996fb92427ae41e4649b934ca495991b7852b855,empty,undetermined,failed,,
window-2024-06-JPM-convenience_every_five_minutes-rep1,JPM,convenience_every_five_minutes,1,2024-06-03T00:00:00.000000-0400,2024-06-28T23:59:59.999999-0400,2024-06-03T04:00:00.000000+0000,2024-06-29T03:59:59.999999+0000,200,none,0,0,,,,,0,0,19,1482,0,0,0,0,0.0,1482,0,0.0,0,0.0,0,0,af20ccd8dd058e51531bb9c113774df8af77dacd547d45c5ebe74902075b3e8a,e3b0c44298fc1c149afbf4c8996fb92427ae41e4649b934ca495991b7852b855,empty,undetermined,failed,,
window-2024-06-JPM-convenience_every_five_minutes-rep2,JPM,convenience_every_five_minutes,2,2024-06-03T00:00:00.000000-0400,2024-06-28T23:59:59.999999-0400,2024-06-03T04:00:00.000000+0000,2024-06-29T03:59:59.999999+0000,200,none,0,0,,,,,0,0,19,1482,0,0,0,0,0.0,1482,0,0.0,0,0.0,0,0,af20ccd8dd058e51531bb9c113774df8af77dacd547d45c5ebe74902075b3e8a,e3b0c44298fc1c149afbf4c8996fb92427ae41e4649b934ca495991b7852b855,empty,undetermined,failed,,
window-2024-06-JPM-raw_price_history_five_minutes-rep1,JPM,raw_price_history_five_minutes,1,2024-06-03T00:00:00.000000-0400,2024-06-28T23:59:59.999999-0400,2024-06-03T04:00:00.000000+0000,2024-06-29T03:59:59.999999+0000,200,none,0,0,,,,,0,0,19,1482,0,0,0,0,0.0,1482,0,0.0,0,0.0,0,0,af20ccd8dd058e51531bb9c113774df8af77dacd547d45c5ebe74902075b3e8a,e3b0c44298fc1c149afbf4c8996fb92427ae41e4649b934ca495991b7852b855,empty,undetermined,failed,,
window-2024-06-JPM-raw_price_history_five_minutes-rep2,JPM,raw_price_history_five_minutes,2,2024-06-03T00:00:00.000000-0400,2024-06-28T23:59:59.999999-0400,2024-06-03T04:00:00.000000+0000,2024-06-29T03:59:59.999999+0000,200,none,0,0,,,,,0,0,19,1482,0,0,0,0,0.0,1482,0,0.0,0,0.0,0,0,af20ccd8dd058e51531bb9c113774df8af77dacd547d45c5ebe74902075b3e8a,e3b0c44298fc1c149afbf4c8996fb92427ae41e4649b934ca495991b7852b855,empty,undetermined,failed,,
window-2025-12-SPY-convenience_every_five_minutes-rep1,SPY,convenience_every_five_minutes,1,2025-12-01T00:00:00.000000-0500,2025-12-31T23:59:59.999999-0500,2025-12-01T05:00:00.000000+0000,2026-01-01T04:59:59.999999+0000,200,none,1716,1716,2025-12-01T14:30:00.000000+0000,2025-12-31T20:55:00.000000+0000,2025-12-01T14:30:00.000000+0000,2025-12-31T20:55:00.000000+0000,0,21,21,1638,1638,1638,42,36,100.0,0,0,0.0,0,0.0,0,0,e3c7279e1ba7ba2958d14cdf86806d3cfa76fafedbae3fec1af81c42ade041b9,27d1b7b09d5a89db8bbd6b42ee5b313f12e3fb2842adbc391011094e4cab0f1e,honored_exactly,bar_start,passed,,
window-2025-12-SPY-convenience_every_five_minutes-rep2,SPY,convenience_every_five_minutes,2,2025-12-01T00:00:00.000000-0500,2025-12-31T23:59:59.999999-0500,2025-12-01T05:00:00.000000+0000,2026-01-01T04:59:59.999999+0000,200,none,1716,1716,2025-12-01T14:30:00.000000+0000,2025-12-31T20:55:00.000000+0000,2025-12-01T14:30:00.000000+0000,2025-12-31T20:55:00.000000+0000,0,21,21,1638,1638,1638,42,36,100.0,0,0,0.0,0,0.0,0,0,e3c7279e1ba7ba2958d14cdf86806d3cfa76fafedbae3fec1af81c42ade041b9,27d1b7b09d5a89db8bbd6b42ee5b313f12e3fb2842adbc391011094e4cab0f1e,honored_exactly,bar_start,passed,,
window-2025-12-SPY-raw_price_history_five_minutes-rep1,SPY,raw_price_history_five_minutes,1,2025-12-01T00:00:00.000000-0500,2025-12-31T23:59:59.999999-0500,2025-12-01T05:00:00.000000+0000,2026-01-01T04:59:59.999999+0000,200,none,1716,1716,2025-12-01T14:30:00.000000+0000,2025-12-31T20:55:00.000000+0000,2025-12-01T14:30:00.000000+0000,2025-12-31T20:55:00.000000+0000,0,21,21,1638,1638,1638,42,36,100.0,0,0,0.0,0,0.0,0,0,e3c7279e1ba7ba2958d14cdf86806d3cfa76fafedbae3fec1af81c42ade041b9,27d1b7b09d5a89db8bbd6b42ee5b313f12e3fb2842adbc391011094e4cab0f1e,honored_exactly,bar_start,passed,,
window-2025-12-SPY-raw_price_history_five_minutes-rep2,SPY,raw_price_history_five_minutes,2,2025-12-01T00:00:00.000000-0500,2025-12-31T23:59:59.999999-0500,2025-12-01T05:00:00.000000+0000,2026-01-01T04:59:59.999999+0000,200,none,1716,1716,2025-12-01T14:30:00.000000+0000,2025-12-31T20:55:00.000000+0000,2025-12-01T14:30:00.000000+0000,2025-12-31T20:55:00.000000+0000,0,21,21,1638,1638,1638,42,36,100.0,0,0,0.0,0,0.0,0,0,e3c7279e1ba7ba2958d14cdf86806d3cfa76fafedbae3fec1af81c42ade041b9,27d1b7b09d5a89db8bbd6b42ee5b313f12e3fb2842adbc391011094e4cab0f1e,honored_exactly,bar_start,passed,,
window-2025-12-AAPL-convenience_every_five_minutes-rep1,AAPL,convenience_every_five_minutes,1,2025-12-01T00:00:00.000000-0500,2025-12-31T23:59:59.999999-0500,2025-12-01T05:00:00.000000+0000,2026-01-01T04:59:59.999999+0000,200,none,1712,1712,2025-12-01T14:30:00.000000+0000,2025-12-31T20:55:00.000000+0000,2025-12-01T14:30:00.000000+0000,2025-12-31T20:55:00.000000+0000,0,21,21,1638,1638,1638,42,32,100.0,0,0,0.0,0,0.0,0,0,424c519df4ed26cf85ecf1dc906339ecc99086998eba14024bdc8289572e97f7,2338711e8261d551a0282f8359b3113d23d3623ea3bb9703e5df6a756bc8f6f8,honored_exactly,bar_start,passed,,
window-2025-12-AAPL-convenience_every_five_minutes-rep2,AAPL,convenience_every_five_minutes,2,2025-12-01T00:00:00.000000-0500,2025-12-31T23:59:59.999999-0500,2025-12-01T05:00:00.000000+0000,2026-01-01T04:59:59.999999+0000,200,none,1712,1712,2025-12-01T14:30:00.000000+0000,2025-12-31T20:55:00.000000+0000,2025-12-01T14:30:00.000000+0000,2025-12-31T20:55:00.000000+0000,0,21,21,1638,1638,1638,42,32,100.0,0,0,0.0,0,0.0,0,0,424c519df4ed26cf85ecf1dc906339ecc99086998eba14024bdc8289572e97f7,2338711e8261d551a0282f8359b3113d23d3623ea3bb9703e5df6a756bc8f6f8,honored_exactly,bar_start,passed,,
window-2025-12-AAPL-raw_price_history_five_minutes-rep1,AAPL,raw_price_history_five_minutes,1,2025-12-01T00:00:00.000000-0500,2025-12-31T23:59:59.999999-0500,2025-12-01T05:00:00.000000+0000,2026-01-01T04:59:59.999999+0000,200,none,1712,1712,2025-12-01T14:30:00.000000+0000,2025-12-31T20:55:00.000000+0000,2025-12-01T14:30:00.000000+0000,2025-12-31T20:55:00.000000+0000,0,21,21,1638,1638,1638,42,32,100.0,0,0,0.0,0,0.0,0,0,424c519df4ed26cf85ecf1dc906339ecc99086998eba14024bdc8289572e97f7,2338711e8261d551a0282f8359b3113d23d3623ea3bb9703e5df6a756bc8f6f8,honored_exactly,bar_start,passed,,
window-2025-12-AAPL-raw_price_history_five_minutes-rep2,AAPL,raw_price_history_five_minutes,2,2025-12-01T00:00:00.000000-0500,2025-12-31T23:59:59.999999-0500,2025-12-01T05:00:00.000000+0000,2026-01-01T04:59:59.999999+0000,200,none,1712,1712,2025-12-01T14:30:00.000000+0000,2025-12-31T20:55:00.000000+0000,2025-12-01T14:30:00.000000+0000,2025-12-31T20:55:00.000000+0000,0,21,21,1638,1638,1638,42,32,100.0,0,0,0.0,0,0.0,0,0,424c519df4ed26cf85ecf1dc906339ecc99086998eba14024bdc8289572e97f7,2338711e8261d551a0282f8359b3113d23d3623ea3bb9703e5df6a756bc8f6f8,honored_exactly,bar_start,passed,,
window-2025-12-JPM-convenience_every_five_minutes-rep1,JPM,convenience_every_five_minutes,1,2025-12-01T00:00:00.000000-0500,2025-12-31T23:59:59.999999-0500,2025-12-01T05:00:00.000000+0000,2026-01-01T04:59:59.999999+0000,200,none,1696,1696,2025-12-01T14:30:00.000000+0000,2025-12-31T20:55:00.000000+0000,2025-12-01T14:30:00.000000+0000,2025-12-31T20:55:00.000000+0000,0,21,21,1638,1638,1638,42,16,100.0,0,0,0.0,0,0.0,0,0,c82e500a7e2f41651ef53dfa9b9804ac23fb8dc3cb16e477a777bbf3eb620a11,abf69a2845bb54b00431de254841d48d3f45345d64ff13656b9fd414fbb1b971,honored_exactly,bar_start,passed,,
window-2025-12-JPM-convenience_every_five_minutes-rep2,JPM,convenience_every_five_minutes,2,2025-12-01T00:00:00.000000-0500,2025-12-31T23:59:59.999999-0500,2025-12-01T05:00:00.000000+0000,2026-01-01T04:59:59.999999+0000,200,none,1696,1696,2025-12-01T14:30:00.000000+0000,2025-12-31T20:55:00.000000+0000,2025-12-01T14:30:00.000000+0000,2025-12-31T20:55:00.000000+0000,0,21,21,1638,1638,1638,42,16,100.0,0,0,0.0,0,0.0,0,0,c82e500a7e2f41651ef53dfa9b9804ac23fb8dc3cb16e477a777bbf3eb620a11,abf69a2845bb54b00431de254841d48d3f45345d64ff13656b9fd414fbb1b971,honored_exactly,bar_start,passed,,
window-2025-12-JPM-raw_price_history_five_minutes-rep1,JPM,raw_price_history_five_minutes,1,2025-12-01T00:00:00.000000-0500,2025-12-31T23:59:59.999999-0500,2025-12-01T05:00:00.000000+0000,2026-01-01T04:59:59.999999+0000,200,none,1696,1696,2025-12-01T14:30:00.000000+0000,2025-12-31T20:55:00.000000+0000,2025-12-01T14:30:00.000000+0000,2025-12-31T20:55:00.000000+0000,0,21,21,1638,1638,1638,42,16,100.0,0,0,0.0,0,0.0,0,0,c82e500a7e2f41651ef53dfa9b9804ac23fb8dc3cb16e477a777bbf3eb620a11,abf69a2845bb54b00431de254841d48d3f45345d64ff13656b9fd414fbb1b971,honored_exactly,bar_start,passed,,
window-2025-12-JPM-raw_price_history_five_minutes-rep2,JPM,raw_price_history_five_minutes,2,2025-12-01T00:00:00.000000-0500,2025-12-31T23:59:59.999999-0500,2025-12-01T05:00:00.000000+0000,2026-01-01T04:59:59.999999+0000,200,none,1696,1696,2025-12-01T14:30:00.000000+0000,2025-12-31T20:55:00.000000+0000,2025-12-01T14:30:00.000000+0000,2025-12-31T20:55:00.000000+0000,0,21,21,1638,1638,1638,42,16,100.0,0,0,0.0,0,0.0,0,0,c82e500a7e2f41651ef53dfa9b9804ac23fb8dc3cb16e477a777bbf3eb620a11,abf69a2845bb54b00431de254841d48d3f45345d64ff13656b9fd414fbb1b971,honored_exactly,bar_start,passed,,
overlap-left-SPY-convenience_every_five_minutes-rep1,SPY,convenience_every_five_minutes,1,2024-06-03T00:00:00.000000-0400,2024-06-14T23:59:59.999999-0400,2024-06-03T04:00:00.000000+0000,2024-06-15T03:59:59.999999+0000,200,none,0,0,,,,,0,0,10,780,0,0,0,0,0.0,780,0,0.0,0,0.0,0,0,cf6083798411369dbd4e61a4b2aef8289b9bfccd4443e861a5a87b91fbabb0d0,e3b0c44298fc1c149afbf4c8996fb92427ae41e4649b934ca495991b7852b855,empty,undetermined,failed,,
overlap-left-SPY-convenience_every_five_minutes-rep2,SPY,convenience_every_five_minutes,2,2024-06-03T00:00:00.000000-0400,2024-06-14T23:59:59.999999-0400,2024-06-03T04:00:00.000000+0000,2024-06-15T03:59:59.999999+0000,200,none,0,0,,,,,0,0,10,780,0,0,0,0,0.0,780,0,0.0,0,0.0,0,0,cf6083798411369dbd4e61a4b2aef8289b9bfccd4443e861a5a87b91fbabb0d0,e3b0c44298fc1c149afbf4c8996fb92427ae41e4649b934ca495991b7852b855,empty,undetermined,failed,,
overlap-left-SPY-raw_price_history_five_minutes-rep1,SPY,raw_price_history_five_minutes,1,2024-06-03T00:00:00.000000-0400,2024-06-14T23:59:59.999999-0400,2024-06-03T04:00:00.000000+0000,2024-06-15T03:59:59.999999+0000,200,none,0,0,,,,,0,0,10,780,0,0,0,0,0.0,780,0,0.0,0,0.0,0,0,cf6083798411369dbd4e61a4b2aef8289b9bfccd4443e861a5a87b91fbabb0d0,e3b0c44298fc1c149afbf4c8996fb92427ae41e4649b934ca495991b7852b855,empty,undetermined,failed,,
overlap-left-SPY-raw_price_history_five_minutes-rep2,SPY,raw_price_history_five_minutes,2,2024-06-03T00:00:00.000000-0400,2024-06-14T23:59:59.999999-0400,2024-06-03T04:00:00.000000+0000,2024-06-15T03:59:59.999999+0000,200,none,0,0,,,,,0,0,10,780,0,0,0,0,0.0,780,0,0.0,0,0.0,0,0,cf6083798411369dbd4e61a4b2aef8289b9bfccd4443e861a5a87b91fbabb0d0,e3b0c44298fc1c149afbf4c8996fb92427ae41e4649b934ca495991b7852b855,empty,undetermined,failed,,
overlap-right-SPY-convenience_every_five_minutes-rep1,SPY,convenience_every_five_minutes,1,2024-06-10T00:00:00.000000-0400,2024-06-28T23:59:59.999999-0400,2024-06-10T04:00:00.000000+0000,2024-06-29T03:59:59.999999+0000,200,none,0,0,,,,,0,0,14,1092,0,0,0,0,0.0,1092,0,0.0,0,0.0,0,0,cf6083798411369dbd4e61a4b2aef8289b9bfccd4443e861a5a87b91fbabb0d0,e3b0c44298fc1c149afbf4c8996fb92427ae41e4649b934ca495991b7852b855,empty,undetermined,failed,,
overlap-right-SPY-convenience_every_five_minutes-rep2,SPY,convenience_every_five_minutes,2,2024-06-10T00:00:00.000000-0400,2024-06-28T23:59:59.999999-0400,2024-06-10T04:00:00.000000+0000,2024-06-29T03:59:59.999999+0000,200,none,0,0,,,,,0,0,14,1092,0,0,0,0,0.0,1092,0,0.0,0,0.0,0,0,cf6083798411369dbd4e61a4b2aef8289b9bfccd4443e861a5a87b91fbabb0d0,e3b0c44298fc1c149afbf4c8996fb92427ae41e4649b934ca495991b7852b855,empty,undetermined,failed,,
overlap-right-SPY-raw_price_history_five_minutes-rep1,SPY,raw_price_history_five_minutes,1,2024-06-10T00:00:00.000000-0400,2024-06-28T23:59:59.999999-0400,2024-06-10T04:00:00.000000+0000,2024-06-29T03:59:59.999999+0000,200,none,0,0,,,,,0,0,14,1092,0,0,0,0,0.0,1092,0,0.0,0,0.0,0,0,cf6083798411369dbd4e61a4b2aef8289b9bfccd4443e861a5a87b91fbabb0d0,e3b0c44298fc1c149afbf4c8996fb92427ae41e4649b934ca495991b7852b855,empty,undetermined,failed,,
overlap-right-SPY-raw_price_history_five_minutes-rep2,SPY,raw_price_history_five_minutes,2,2024-06-10T00:00:00.000000-0400,2024-06-28T23:59:59.999999-0400,2024-06-10T04:00:00.000000+0000,2024-06-29T03:59:59.999999+0000,200,none,0,0,,,,,0,0,14,1092,0,0,0,0,0.0,1092,0,0.0,0,0.0,0,0,cf6083798411369dbd4e61a4b2aef8289b9bfccd4443e861a5a87b91fbabb0d0,e3b0c44298fc1c149afbf4c8996fb92427ae41e4649b934ca495991b7852b855,empty,undetermined,failed,,
